J0002+6216,0.74238,62.26928
J0006+1834,1.52000,18.58306
J0007+7303,1.75708,73.05206
J0011+08,2.89167,8.16667
B0011+47,3.57396,47.77594
J0023+0923,5.82033,9.38996
J0024-7204aa,6.02363,-72.08128
J0024-7204ab,6.03402,-72.07989
B0021-72C,5.95980,-72.07541
B0021-72D,6.05783,-72.07884
B0021-72E,6.04627,-72.08893
B0021-72F,6.01606,-72.07856
B0021-72G,6.03316,-72.07769
B0021-72H,6.02792,-72.06855
B0021-72I,6.03305,-72.07769
B0021-72J,5.99753,-72.06633
B0021-72L,6.01571,-72.08248
B0021-72M,5.97703,-72.09187
B0021-72N,6.03828,-72.07469
J0024-7204O,6.01938,-72.08160
J0024-7204P,6.08333,-72.06944
J0024-7204Q,6.06870,-72.07365
J0024-7204R,6.02363,-72.08128
J0024-7204S,6.01657,-72.07843
J0024-7204T,6.03562,-72.07748
J0024-7204U,6.04098,-72.06658
J0024-7204V,6.02363,-72.08128
J0024-7204W,6.02524,-72.08030
J0024-7204X,6.09327,-72.02151
J0024-7204Y,6.02363,-72.08128
J0024-7204Z,6.02363,-72.08128
J0026+6320,6.71067,63.33357
J0030+0451,7.61428,4.86103
J0033+57,8.25000,57.00000
J0033+61,8.25000,61.00000
J0034-0534,8.59098,-5.57687
B0031-07,8.53696,-7.36484
J0034+69,8.50000,69.71667
B0037+56,10.13484,57.27359
J0045-7042,11.35704,-70.70197
J0045-7319,11.39650,-73.31750
B0045+33,12.14160,34.20223
J0050+03,12.62917,3.80000
J0051+0423,12.87542,4.38028
J0053+69,13.25000,69.65000
J0054+66,13.50000,66.00000
J0054+69,13.61667,69.43333
B0052+51,13.93908,51.29027
B0053+47,14.10630,47.93626
J0057-7201,14.43333,-72.02194
J0058+6125,14.50000,61.41667
J0059+50,14.75000,50.03333
J0100-7211,15.17929,-72.19267
J0101-6422,15.29632,-64.37505
J0102+4839,15.75000,48.00000
B0059+65,15.63733,65.62039
J0103+54,15.90417,54.03333
J0106+4855,16.60442,48.93106
J0108-1431,17.03478,-14.53061
B0105+65,17.09436,66.14277
B0105+68,17.12293,69.09795
J0111-7131,17.86988,-71.52967
J0112+66,18.00000,66.36667
J0113-7220,18.29621,-72.34228
B0114+58,19.41109,59.24400
J0125+62,21.50000,62.58333
J0131-7310,22.86879,-73.16926
J0133-6957,23.38525,-69.95824
J0134-2937,23.57784,-29.62140
J0136+63,24.00000,63.70000
J0137+1654,24.34950,16.91169
J0139+5621,24.91067,56.36022
B0136+57,24.83225,58.24217
B0138+59,25.41641,60.15897
J0141+63,25.25000,63.13333
J0146+31,26.56250,31.06667
J0146+6145,26.59342,61.75078
B0144+59,26.93602,59.36758
B0148-06,27.84459,-6.58411
J0152+0948,28.09887,9.80278
B0149-16,28.04522,-16.63139
J0156+04,29.00417,4.03333
B0153+39,29.23019,39.82459
B0154+61,29.45806,62.20720
J0158+21,29.62083,21.13333
J0201+7005,30.42227,70.08836
J0205+6449,31.40801,64.82815
B0203-40,31.50528,-40.46787
J0211-8159,32.99583,-81.99339
J0212+5222,33.21750,52.37917
J0214+5222,33.73030,52.37804
J0215+6218,33.98595,62.30927
J0218+4232,34.52649,42.53816
J0220+36,35.20833,36.36667
J0229+20,37.26250,20.96667
B0226+70,37.80832,70.44275
J0241+16,40.44167,16.06667
J0242+62,40.64583,62.94722
J0243+6027,40.75000,60.45000
J0244+14,41.21250,14.45000
J0248+6021,42.07757,60.35964
J0251+26,42.78333,26.08333
B0254-53,43.98425,-53.07260
J0303+22,45.75000,22.80000
B0301+19,46.13798,19.54761
J0308+74,47.00000,74.00000
B0320+39,50.86091,39.74803
J0324+5239,51.23108,52.65869
J0325+67,51.50000,67.81667
J0329+1654,52.28563,16.90056
B0329+54,53.24737,54.57877
J0332+79,53.18750,79.16667
B0331+45,53.81936,45.93152
J0337+1715,54.43261,17.25412
J0338+66,54.75000,66.73333
J0340+4130,55.09703,41.51258
J0341+5711,55.25000,57.18333
J0343-3000,55.86642,-30.00764
B0339+53,55.80379,53.21484
J0348+0432,57.18183,4.53652
J0357+3205,59.46875,32.09028
B0353+52,59.43673,52.61603
J0358+42,59.50000,42.10000
B0355+54,59.72385,54.22050
J0358+66,59.50000,66.66667
J0359+5414,59.85837,54.24881
B0403-76,60.46533,-76.13717
B0402+61,61.62534,61.64473
J0407+1607,61.97891,16.12122
J0408+551,62.00000,55.00000
J0408+552,62.00000,55.00000
J0410-31,62.66250,-31.12472
J0413+58,63.25000,58.00000
B0410+69,63.98189,69.90275
J0417+35,64.42917,35.75000
J0417+61,64.25000,61.13333
J0418-4154,64.51750,-41.90300
J0418+5732,64.64111,57.53970
J0419+44,64.75000,44.00000
J0420-5022,65.00813,-50.38003
J0421-0345,65.38982,-3.75184
J0421+32,65.37500,32.66667
J0426+4933,66.52839,49.56068
J0435+27,68.89167,27.73333
J0437-4715,69.31623,-47.25253
J0447-04,71.75000,-4.58333
J0448-2749,72.17320,-27.82965
J0449-7031,72.27362,-70.52547
B0447-12,72.53659,-12.80197
J0451-67,72.95833,-67.30000
B0450-18,73.14211,-17.98983
J0453+1559,73.43922,15.98925
B0450+55,73.53229,55.72818
B0456-69,73.94812,-69.85953
J0456-69,74.12500,-69.16667
J0456-7031,74.01042,-70.51850
J0457+23,74.27500,23.56667
J0457-6337,74.28246,-63.62511
J0457-69,74.25833,-69.76667
J0458-0505,74.65467,-5.08475
J0458-67,74.74583,-67.71667
J0459-0210,74.96642,-2.16851
J0501+4516,75.27817,45.27609
B0458+46,75.51900,46.90169
B0502-66,75.71054,-66.29967
J0509+08,77.35000,8.95000
J0510+38,77.49583,38.20000
J0511-6508,77.98542,-65.14347
J0514-4002A,78.52789,-40.04692
J0514-4407,78.71600,-44.11847
J0517+22,79.29167,22.26667
J0519+44,79.75000,44.00000
J0519+54,80.00000,54.41667
J0519-6932,79.94549,-69.53986
J0520-2553,80.15077,-25.88675
J0521-68,80.43333,-68.58333
J0522-6847,80.59608,-68.78394
B0523+11,81.48520,11.25530
J0525-6607,81.50375,-66.07675
B0525+21,82.21777,22.00111
B0529-66,82.46217,-66.87728
J0532-6639,83.24796,-66.66036
J0532-69,83.01667,-69.76667
J0533+0402,83.35758,4.03347
J0533+67,83.25000,67.00000
B0531+21,83.63322,22.01446
J0534-6703,83.65071,-67.06356
J0535-66,83.91667,-66.86667
J0535-6935,83.75000,-69.58333
B0538-75,84.12829,-75.73242
J0537-69,84.42917,-69.35000
J0537-6910,84.44757,-69.17219
J0538+2817,84.60440,28.28588
J0540+3207,85.15465,32.12703
B0540-69,85.04667,-69.33171
J0540-7125,85.12833,-71.42539
J0542-68,85.64583,-68.26667
B0540+23,85.79025,23.48472
J0543-6851,85.96963,-68.85703
J0544+20,86.05000,20.83333
J0545-03,86.25000,-3.16667
J0546+2441,86.61983,24.68917
J0550+09,87.61667,9.85000
J0554+3107,88.52088,31.12806
J0555+3948,88.75000,39.80000
J0555-7056,88.75771,-70.94600
J0557+1550,89.38104,15.83501
B0559-57,90.19375,-57.94833
B0559-05,90.49576,-5.46404
J0605+37,91.25000,37.00000
J0608+00,92.20417,0.65000
J0609+2130,92.49536,21.50079
J0610-2100,92.55665,-21.00776
J0610+37,92.75000,37.30000
J0611+04,92.82500,4.10000
J0611+1436,92.82770,14.61444
J0611+30,92.81667,30.26667
B0609+37,93.20286,37.36038
J0613-0200,93.43323,-2.01312
J0613+3731,93.30063,37.52731
B0611+22,93.57150,22.51000
J0614-3329,93.54312,-33.49837
J0614+83,93.50000,83.23333
J0621+0336,95.29675,3.61264
J0621+1002,95.34214,10.04409
J0621+25,95.25000,25.00000
J0622+3749,95.54379,37.82044
J0623+0340,95.94483,3.66856
B0621-04,96.08345,-4.41401
J0625+10,96.43750,10.26667
J0627+0649,96.97345,6.83170
J0627+0706,96.93406,7.10925
J0627+16,96.80417,16.20000
J0628+0909,97.15076,9.15386
B0626+24,97.27387,24.26203
J0630-0046,97.61232,-0.76829
J0630+19,97.51667,19.61667
B0628-28,97.70585,-28.57855
J0631+0646,97.96825,6.77061
J0631+1036,97.86468,10.61736
J0633+0632,98.43421,6.54303
J0633+1746,98.47564,17.77025
J0633-2015,98.28692,-20.25197
J0635+0533,98.82500,5.55306
J0636-4549,99.14060,-45.82573
J0636+5129,99.02019,51.48332
J0645+5158,101.49617,51.97081
J0645+80,101.50000,80.15000
J0646+0905,101.62915,9.09703
J0647+0913,101.81533,9.23319
J0652-0142,103.04627,-1.70842
B0643+80,103.31287,80.86673
J0656-2228,104.12586,-22.47376
J0656-5449,104.20413,-54.82081
J0658+0022,104.56337,0.37647
B0656+14,104.95056,14.23931
B0655+64,105.15751,64.30311
J0702-4956,105.66375,-49.94283
J0709-5923,107.38555,-59.39878
J0711+0931,107.90075,9.52361
J0711-6830,107.97579,-68.51317
J0719-2545,109.78075,-25.75006
J0720-3125,110.10401,-31.43058
J0721-2038,110.42877,-20.63529
J0725-1635,111.25168,-16.59606
J0726-2612,111.53383,-26.21058
J0729-1448,112.31854,-14.81022
B0727-18,112.38480,-18.61187
J0733-2345,113.35250,-23.76561
J0734-1559,113.50000,-15.98333
J0735-62,113.84167,-62.96667
J0737-2202,114.43363,-22.03481
J0737-3039A,114.46354,-30.66131
J0737-3039B,114.46354,-30.66131
J0737+69,114.25000,69.23333
B0736-40,114.63470,-40.71137
J0740+41,115.25000,41.06667
J0740+6620,115.19083,66.34268
B0740-28,115.70441,-28.37882
B0743-53,116.25958,-53.85611
J0746-4529,116.74799,-45.49074
J0746+66,116.50000,66.60000
J0749-4247,117.45698,-42.79504
J0750+57,117.50000,57.00000
J0751+1807,117.78815,18.12736
B0751+32,118.66953,32.53228
B0756-15,119.62113,-15.46909
J0804-3647,121.09250,-36.79319
J0806+08,121.52083,8.28333
J0806-4123,121.59750,-41.37525
J0807-5421,121.94660,-54.35735
J0808-3937,122.04846,-39.63136
B0808-47,122.43287,-47.89865
J0812-3905,123.06167,-39.09692
B0809+74,123.74792,74.48492
J0815+0939,123.78657,9.66408
J0818-3049,124.70542,-30.82528
J0818-3232,124.60806,-32.54181
B0818-13,125.10992,-13.84885
J0820-3826,125.24972,-38.44524
J0820-3921,125.20462,-39.36547
B0818-41,125.06437,-41.24344
J0821-4221,125.43598,-42.35707
J0821-4300,125.48902,-43.00474
B0820+02,125.79070,1.98678
J0824+00,126.06667,0.45000
B0823+26,126.71410,26.62327
B0826-34,127.06927,-34.28529
J0831-4406,127.88512,-44.10331
J0834-4159,128.56792,-41.99750
J0834-60,128.70833,-60.58333
J0835-3707,128.76283,-37.13097
J0835-42,128.90417,-42.54361
B0833-45,128.83588,-45.17635
B0834+06,129.27351,6.17071
J0837-24,129.43333,-24.79667
B0835-41,129.33826,-41.58732
J0838-2621,129.57834,-26.35821
J0838-3947,129.62833,-39.78944
B0839-53,130.14117,-53.54319
B0840-48,130.52237,-48.85578
J0843+0719,130.89092,7.31328
J0843-5022,130.79118,-50.37864
B0844-35,131.52525,-35.56129
J0847-4316,131.98887,-43.28244
J0848+16,132.22083,16.71667
J0849-6322,132.42746,-63.37639
B0841+80,132.25628,80.48309
B0853-33,133.91006,-33.52758
J0855-4644,133.90075,-46.73706
J0855-4658,133.83154,-46.97294
B0855-61,134.24712,-61.63147
J0857-4424,134.47983,-44.40287
J0900-3144,135.18314,-31.74192
J0901-4624,135.41717,-46.41347
B0901-63,135.63500,-63.42000
B0903-42,136.24667,-42.77056
B0904-74,136.04500,-74.99522
J0905-4536,136.34958,-45.61472
J0905-5127,136.46634,-51.46353
J0905-6019,136.31352,-60.32279
B0905-51,136.81625,-51.96646
B0906-17,137.15909,-17.66046
B0906-49,137.14804,-49.21847
B0909-71,137.40000,-72.20233
B0904+77,137.50000,77.46667
J0912-3851,138.17792,-38.85083
J0919-42,139.75000,0.00000
J0919-6040,139.86612,-60.68067
B0917+63,140.30890,62.90386
B0919+06,140.55842,6.63981
J0922-4949,140.56234,-49.82002
J0922-52,140.50000,-52.00000
J0923-31,140.99167,-31.95000
B0922-52,141.03621,-53.04561
B0923-58,141.12917,-58.23511
J0927+23,141.90417,23.78333
J0928+06,142.18333,6.23333
J0928+30,142.17917,30.61667
J0931-1902,142.82966,-19.04862
J0932-3217,143.16312,-32.28728
J0932-5327,143.09525,-53.45306
J0934-4154,143.74250,-41.90542
B0932-52,143.61792,-52.82422
J0940-5428,145.24258,-54.47794
J0941-39,145.40833,-39.68333
J0941-5244,145.42145,-52.73458
B0940-55,145.56596,-55.88119
B0941-56,145.72692,-56.96207
B0940+16,145.87542,16.52694
J0943+22,145.85417,22.93333
J0943+41,145.75000,41.15000
B0942-13,146.12065,-13.91156
J0945-4833,146.40939,-48.55403
B0943+10,146.53167,9.86528
J0947+27,146.84167,27.70000
J0949-6902,147.33570,-69.04489
B0950-38,148.07167,-38.65283
B0950+08,148.28879,7.92660
J0954-5430,148.52517,-54.51486
B0953-52,148.87292,-53.07131
J0955-61,148.75000,-61.80000
J0957-06,149.25000,-6.28333
J0957-5432,149.48337,-54.53442
B0957-47,149.85942,-48.16319
J1000-5149,150.11725,-51.83281
B0959-54,150.40825,-55.11853
J1001-5559,150.28583,-55.98339
J1001-5939,150.38429,-59.65494
J1002-5559,150.74125,-55.99361
J1002-5919,150.58542,-59.32700
B1001-47,150.83992,-47.78389
J1006-6311,151.65250,-63.19478
J1010+15,152.50000,15.85000
B1010-23,153.14053,-23.63956
J1012-4235,153.02917,-42.58333
J1012+5307,153.13932,53.11731
J1012-5830,153.22875,-58.50711
B1011-58,153.20208,-58.96111
J1013-5934,153.38273,-59.57408
J1014-48,153.57500,-48.82833
J1015-5719,153.90817,-57.32022
B1014-53,154.13000,-53.75383
J1016-5819,154.05042,-58.31699
J1016-5857,154.08817,-58.95336
B1015-56,154.30358,-56.35853
J1017-7156,154.46387,-71.94490
B1016-16,154.66819,-16.70282
J1019-5749,154.96725,-57.81831
J1020-5921,155.05846,-59.35944
J1020-6026,155.04750,-60.43522
J1021-5601,155.35342,-56.03081
J1022+1001,155.74166,10.03133
J1022-5813,155.61708,-58.22500
J1023+0038,155.94870,0.64468
J1023-5746,155.76208,-57.76806
J1024-0719,156.16111,-7.32211
J1028-5819,157.11667,-58.31811
J1031-6117,157.75933,-61.29739
J1032-5206,158.11538,-52.10236
B1030-58,158.02917,-59.16667
J1034-3224,158.58130,-32.40722
J1035-6345,158.76283,-63.75511
J1036-4926,159.05447,-49.43938
J1036-6559,159.08350,-65.98591
J1036-8317,159.00000,-83.28333
J1038+0032,159.61222,0.54544
B1036-58,159.58208,-58.52422
B1039-19,160.40082,-19.70378
B1039-55,160.50254,-55.35153
J1043-6116,160.98038,-61.28078
J1044-5737,161.13667,-57.62203
J1045-4509,161.45911,-45.16503
J1046+0304,161.68013,3.06858
B1044-57,161.57863,-58.23106
J1047-3032,161.75339,-30.53833
J1047-58,161.98333,-58.68333
J1047-6709,161.86784,-67.16419
J1048+2339,162.18091,23.66484
B1046-58,162.05083,-58.53494
J1049-5833,162.45975,-58.56239
J1050-5953,162.52967,-59.88928
J1052-5954,163.15879,-59.91225
J1052-6348,163.22246,-63.80461
J1054-5943,163.74062,-59.72058
J1054-5946,163.62692,-59.77528
J1054-6452,163.53683,-64.87708
J1055-6022,163.95208,-60.38111
J1055-6028,163.91329,-60.47708
J1055-6236,163.97754,-62.61342
J1055-6905,163.93629,-69.08650
J1056-5709,164.18246,-57.15958
B1054-62,164.10646,-62.97989
J1056-7117,164.19158,-71.29816
J1057-4754,164.47141,-47.91600
B1055-52,164.49569,-52.44896
J1057-5851,164.28958,-58.85194
B1056-78,164.36417,-79.24006
J1058-5957,164.64271,-59.96011
B1056-57,164.75375,-57.70394
J1101-6101,165.43733,-61.02767
J1101-6424,165.40497,-64.41093
J1101+65,165.50000,65.11667
J1103-5403,165.88872,-54.06201
J1103-6025,165.88117,-60.42677
J1104-6103,166.07192,-61.05108
J1105-43,166.35000,-43.95028
J1105-6037,166.25200,-60.62119
J1105-6107,166.35904,-61.13094
J1106-6438,166.61850,-64.65000
J1107-5907,166.89358,-59.12186
B1105-59,166.99458,-59.78444
J1107-6143,166.80125,-61.73306
B1107-56,167.50167,-56.62581
J1110+58,167.75000,58.86667
J1112-6103,168.06171,-61.05864
B1110-65,168.16054,-66.21800
B1110-69,168.21250,-69.44194
B1112-60,168.59383,-61.00950
B1112+50,168.91000,50.50341
J1115-6052,168.97367,-60.87161
B1114-41,169.17953,-41.37888
J1117-6154,169.34921,-61.90611
J1117-6447,169.43750,-64.79944
J1119-6127,169.80958,-61.46375
B1118-79,169.92000,-79.60842
J1120-3618,170.09333,-36.30894
B1119-54,170.32995,-54.73486
J1122+78,171.49167,78.38333
J1123-4844,170.81521,-48.73965
J1123-6102,170.92375,-61.03506
J1123-6259,170.98145,-62.98632
J1123-6651,170.96754,-66.86363
J1124-3653,171.00000,-36.00000
J1124-5638,171.23529,-56.64436
J1124-5916,171.16250,-59.27194
J1124-6421,171.24792,-64.35472
J1125-5825,171.43486,-58.42136
J1125-6014,171.48007,-60.23517
J1126-27,171.50000,-27.61667
B1124-60,171.71920,-60.91110
J1126-6942,171.59029,-69.70425
J1128-6219,172.19458,-62.31917
J1129-53,172.33750,-53.51667
J1130-5826,172.56804,-58.43397
J1130-5925,172.54350,-59.42614
J1130-6807,172.63297,-68.12459
J1132-46,173.13750,-46.91833
J1132-5627,173.06558,-56.45803
B1131-62,173.46437,-62.84739
J1135-49,173.98333,-49.42528
J1135-6055,173.75000,-60.91667
B1133+16,174.01353,15.85124
B1133-55,174.00904,-55.41897
J1137-6700,174.38370,-67.00917
J1138-6207,174.59008,-62.13314
J1141-3107,175.35679,-31.13128
J1141-3322,175.42817,-33.37706
J1141-6545,175.27922,-65.75531
J1142+0119,175.50000,1.31667
J1142-6230,175.71875,-62.50108
J1143-5158,175.81277,-51.97775
J1143-5536,175.79079,-55.60125
J1144-6146,176.14500,-61.78028
J1144-6217,176.00879,-62.29175
B1143-60,176.53225,-60.51650
J1147-66,176.75000,-66.00000
J1148-5725,177.11888,-57.42017
J1148-6415,177.15750,-64.25917
J1151-6108,177.98692,-61.13822
J1152-5800,178.04167,-58.00944
J1152-6012,178.22417,-60.20583
J1153-21,178.25000,-21.30000
J1154-6250,178.58375,-62.83408
J1156-5707,179.03104,-57.11719
J1156-5909,179.08958,-59.15342
J1157-5112,179.28402,-51.21559
B1154-62,179.31350,-62.41413
J1159-6409,179.84042,-64.16583
J1159-7910,179.89879,-79.16822
J1201-6306,180.34588,-63.11653
B1159-58,180.61835,-58.34261
J1204-6843,181.15300,-68.72144
J1207-5050,181.84088,-50.84175
J1208-6238,182.05817,-62.63425
J1210-5226,182.50379,-52.44122
J1210-5559,182.52495,-55.98442
J1210-6550,182.67500,-65.83461
J1211-6324,182.85075,-63.41256
J1214-5830,183.53508,-58.50719
J1215-5328,183.75258,-53.47544
J1216-50,184.08333,-50.45028
J1216-6223,184.17454,-62.39939
J1216-6410,184.03058,-64.16923
J1220-6318,185.07442,-63.31292
J1222-5738,185.71792,-57.63889
J1224-6208,186.18438,-62.14475
B1221-63,186.09244,-64.13164
J1225-5556,186.43261,-55.94532
J1225-6035,186.36929,-60.59378
B1222-63,186.42833,-64.14528
J1226-32,186.70833,-32.45000
J1227-4853,186.99468,-48.89521
J1227-6208,186.75184,-62.14550
J1227-63,186.80000,-63.15000
J1231-1411,187.79714,-14.19545
J1231-4609,187.94067,-46.16256
J1231-6303,187.80417,-63.05500
J1232-4742,188.07958,-47.71414
J1232-6501,188.07433,-65.01759
J1233-6312,188.38125,-63.20806
J1233-6344,188.41625,-63.74861
B1232-55,188.82917,-55.26667
J1235-6354,188.99050,-63.90844
J1236-5033,189.24646,-50.56008
J1237-6725,189.35792,-67.42608
J1238+2152,189.59657,21.86974
B1237+25,189.91859,24.89702
B1236-68,189.99583,-68.54103
B1237-41,190.07338,-41.41436
J1242+39,190.64167,39.63333
J1243-5735,190.89742,-57.59522
B1240-64,190.82149,-64.38996
J1244-5053,191.04783,-50.88906
J1244-6359,191.19872,-63.99650
J1244-6531,191.15958,-65.52000
J1245-6238,191.33800,-62.64886
J1246+22,191.65833,22.88333
J1248-6344,192.19317,-63.73600
J1248-6444,192.13696,-64.73333
J1249-6507,192.47633,-65.12217
J1251-7407,192.97058,-74.12084
J1252-6314,193.17758,-63.24242
J1253-5820,193.36809,-58.34469
J1254-6150,193.63533,-61.84744
J1255-46,193.75000,0.00000
J1255-6131,193.97858,-61.51947
J1255-62,193.82500,-62.80000
B1254-10,194.26987,-10.45160
B1256-67,194.84458,-67.69444
B1257+12,195.01490,12.68235
J1301+0833,195.40942,8.56597
J1301-6305,195.44067,-63.09275
J1301-6310,195.36792,-63.17792
J1302-32,195.50000,-32.00000
J1302-63,195.51667,-63.74806
J1302-6313,195.58000,-63.22472
B1259-63,195.69851,-63.83574
J1303-6305,195.75008,-63.08356
J1305-6203,196.33708,-62.05600
J1305-6256,196.36667,-62.94417
B1302-64,196.34875,-64.92397
J1305-66,196.40000,-66.65000
J1306-6242,196.68583,-62.70083
B1303-66,196.65912,-66.28939
J1307-6318,196.97792,-63.30972
J1307-67,196.92083,-67.05750
J1308+2127,197.20112,21.45188
J1308-4650,197.18579,-46.84158
J1308-5844,197.08783,-58.73717
J1309-6415,197.31917,-64.26639
J1309-6526,197.25121,-65.43794
B1309-12,197.96937,-12.46712
J1311-3430,197.94052,-34.50843
J1312+0051,198.00000,0.85000
B1310+18,198.22917,18.16667
B1309-53,198.01917,-54.04500
B1309-55,198.22429,-55.27975
J1312-6400,198.02983,-64.01544
J1313+0931,198.34583,9.53222
J1314-6101,198.59750,-61.02111
J1316-6232,199.19292,-62.53672
J1317-5759,199.44287,-57.99181
J1317-6302,199.43621,-63.04783
B1316-60,199.83454,-60.94630
J1319-6105,199.85967,-61.09061
J1320-3512,200.05283,-35.20722
B1317-53,200.22467,-53.98511
J1320+67,200.00000,67.50000
J1321-5922,200.41483,-59.38114
B1322+83,200.44242,83.39414
J1322-62,200.72500,-62.85000
J1322-6241,200.63396,-62.69819
J1322-6329,200.57500,-63.49361
J1324-6146,201.18292,-61.76667
J1324-6302,201.05687,-63.03919
B1323-58,201.74279,-58.99142
B1323-63,201.63583,-64.14556
B1322-66,201.51333,-67.01417
J1327-0755,201.98995,-7.92494
B1323-62,201.82250,-62.37906
B1323-627,201.78113,-63.02094
J1327-6400,201.79279,-64.00364
B1325-43,202.02680,-43.96226
B1325-49,202.13992,-49.35928
J1329-6158,202.26375,-61.98306
J1331-5245,202.75004,-52.75706
J1332-03,203.00000,-3.43333
J1332-3032,203.21869,-30.53814
J1333-4449,203.43679,-44.82395
J1334-5839,203.62545,-58.65460
J1335-3642,203.90000,-36.70000
J1337-6306,204.33479,-63.10647
J1337-6423,204.38285,-64.38470
B1334-61,204.53896,-62.07186
J1339-4712,204.98579,-47.20153
J1339-6618,204.98583,-66.30217
B1336-64,205.00133,-64.94525
J1341-6023,205.28071,-60.39297
B1338-62,205.42762,-62.33908
J1342+2822A,205.54583,28.37556
J1342+2822B,205.54620,28.37782
J1342+2822C,205.54583,28.37556
J1342+2822D,205.54250,28.37667
J1344-6059,206.16500,-60.99194
J1345-6115,206.43512,-61.25850
J1346-4918,206.59312,-49.30200
J1347-5947,206.83075,-59.79439
J1348-6307,207.17667,-63.11778
J1349-6130,207.40271,-61.50475
J1349-63,207.32500,-63.93333
J1350-5115,207.56716,-51.25688
J1350-6225,207.68521,-62.42883
J1352-6803,208.14354,-68.06031
J1354-6249,208.64583,-62.82500
B1352-51,208.99450,-51.89828
J1355-5747,208.90396,-57.78750
J1355-5925,208.99629,-59.41692
J1355-6206,208.83892,-62.10558
J1356-5521,209.21066,-55.35360
B1353-62,209.35417,-62.46667
J1357-6429,209.26012,-64.49172
J1358-2533,209.67500,-25.55000
B1356-60,209.99258,-60.63556
J1400-1438,210.12642,-14.63733
J1400-6325,210.19038,-63.42850
B1358-63,210.46867,-63.96265
B1359-51,210.73750,-51.40000
J1403-6310,210.80833,-63.17417
J1403-7646,210.76708,-76.78264
J1404+12,211.16667,12.05000
J1405-4656,211.33927,-46.93397
J1405-5641,211.30171,-56.69006
J1406-5806,211.50500,-58.10889
J1406-6121,211.70850,-61.35775
J1407-6048,211.99433,-60.81633
J1407-6153,211.98542,-61.89972
J1409-6953,212.32042,-69.89289
J1410-6132,212.60000,-61.53333
J1410-7404,212.53071,-74.08148
J1412-6111,213.24842,-61.19181
J1412-6145,213.03204,-61.75800
J1412+7922,213.23267,79.36769
J1413-6141,213.29113,-61.68694
J1413-6205,213.37458,-62.09389
J1413-6222,213.27279,-62.37439
B1409-62,213.38048,-63.12651
J1414-6802,213.60708,-68.04944
J1415-6621,213.88029,-66.35339
J1416-5033,214.18583,-50.55472
J1416-6037,214.12746,-60.63319
J1417-4402,214.37750,-44.04928
J1418-3921,214.70951,-39.35514
J1418-5945,214.63458,-59.75000
J1418-6058,214.67792,-60.96361
B1417-54,215.12125,-54.27306
J1420-5625,215.01276,-56.43194
J1420-6048,215.03432,-60.80456
J1422-6138,215.61279,-61.64111
J1423-6953,215.86163,-69.89523
J1424-5556,216.05317,-55.93719
J1424-56,216.09583,-56.67972
J1424-5822,216.13379,-58.38222
J1424-6438,216.24667,-64.63611
J1425-5723,216.40233,-57.39189
J1425-5759,216.49629,-57.98617
J1425-6210,216.28208,-62.16803
J1427-4158,216.96154,-41.98231
B1424-55,217.10957,-55.51394
J1429-5911,217.49417,-59.19350
J1429-5935,217.35792,-59.59969
B1426-66,217.67030,-66.38473
J1431-4715,217.93591,-47.25766
J1431-5740,217.76456,-57.66991
J1432-5032,218.21779,-50.53814
J1433+00,218.37500,0.46667
J1433-6038,218.30492,-60.64297
J1434-6006,218.52208,-60.10806
J1434-6029,218.66292,-60.49694
J1434+7257,218.49890,72.95736
J1435-5954,218.75150,-59.91367
J1435-6100,218.83449,-61.01610
J1437-5959,219.25796,-59.98372
J1437-6146,219.31379,-61.76722
J1439-5501,219.91559,-55.02323
J1439+76,219.75000,76.91667
B1436-63,220.13045,-63.74656
J1441-6137,220.43458,-61.62333
J1443-5122,220.86238,-51.37389
J1444-5941,221.19375,-59.68861
J1444-6026,221.02508,-60.43594
J1446-4701,221.64881,-47.02410
J1449-5846,222.35596,-58.77789
J1452-5851,223.21908,-58.85369
J1452-6036,223.21624,-60.60871
J1453+1902,223.44049,19.03673
B1449-64,223.38640,-64.22100
J1454-5846,223.54545,-58.77632
J1455-3330,223.94987,-33.51288
J1455-59,223.77500,-59.38333
J1456-48,224.00000,0.00000
B1451-68,224.00066,-68.72757
B1454-51,224.41746,-51.38139
J1457-5900,224.41250,-59.01417
J1457-5902,224.38292,-59.03444
J1459-6053,224.87496,-60.88908
J1501-0046,225.43732,-0.77320
J1501-5637,225.46250,-56.63000
J1502-5653,225.73912,-56.89423
J1502-5828,225.68250,-58.47833
J1502-6128,225.62433,-61.48064
J1502-6752,225.57756,-67.87132
J1503+2111,225.97750,21.18592
J1504-5621,226.20475,-56.35889
B1503-51,226.66458,-51.96944
B1504-43,226.89242,-43.86756
B1503-66,226.95275,-66.68253
B1508+55,227.35679,55.52567
J1509-5850,227.36304,-58.84892
J1509-6015,227.28125,-60.25517
B1507-44,227.70375,-44.36861
J1511-5414,227.96378,-54.24453
J1511-5835,227.77917,-58.59111
J1512-5431,228.02375,-54.52194
B1508-57,228.17927,-57.99994
J1513-5739,228.49579,-57.65039
B1509-58,228.48175,-59.13583
J1513-5946,228.43658,-59.77553
B1510-48,228.56067,-48.57208
J1514-4946,228.57964,-49.77098
J1514-5925,228.74625,-59.42869
J1515-5720,228.78875,-57.34694
J1517-4356,229.36392,-43.93831
J1517-4636,229.37240,-46.60017
B1516+02A,229.63882,2.09099
B1516+02B,229.63107,2.08763
J1518+0204C,229.63662,2.07995
J1518+0204D,229.64167,2.08278
J1518+0204E,229.64167,2.08278
J1518-0627,229.74629,-6.45214
J1518+4904,229.57000,49.07618
J1518-5415,229.55625,-54.26250
J1519-5734,229.94829,-57.57044
J1519-6106,229.89921,-61.11517
J1519-6308,229.78983,-63.13875
J1522-5525,230.52792,-55.42153
J1522-5735,230.52208,-57.58333
B1518-58,230.67612,-58.48408
J1524-5625,231.20775,-56.42317
J1524-5706,231.08929,-57.10972
J1524-5819,231.10271,-58.32058
J1525-5417,231.36813,-54.28889
J1525-5523,231.40027,-55.39089
J1525-5545,231.36723,-55.76384
J1525-5605,231.42271,-56.08694
J1526-5633,231.67167,-56.56194
B1524-39,231.99554,-39.52639
B1523-55,231.92042,-55.86861
J1528-3146,232.14564,-31.76857
J1528-4109,232.03347,-41.15800
J1528-5547,232.16325,-55.78972
J1528-5838,232.10125,-58.63361
J1529-3828,232.31294,-38.47940
J1529-5355,232.49000,-53.92667
J1529-5611,232.39917,-56.19139
J1530-5327,232.61196,-53.46564
J1530-63,232.71667,-63.72583
J1531-4012,232.78354,-40.20858
J1531-5610,232.86629,-56.18194
B1530+27,233.04318,27.76372
J1532-5308,233.14792,-53.13500
J1532-56,233.07500,-56.53333
J1534-4428,233.71667,-44.46928
J1534-46,233.53333,-46.23333
B1530-53,233.53487,-53.57203
B1530-539,233.63996,-54.09436
J1535-4114,233.82113,-41.23419
J1535-4415,233.98300,-44.25233
J1535-5450,233.99275,-54.84056
J1535-5848,233.81983,-58.80769
J1536-3602,234.07242,-36.04967
J1536-4948,234.00000,-49.80000
J1536-5433,234.02008,-54.55417
J1536-5907,234.07383,-59.11767
B1534+12,234.29151,11.93206
J1537-4912,234.36750,-49.20083
J1537-5153,234.31554,-51.88500
J1537-5645,234.46250,-56.75111
J1538+2345,234.52529,23.75111
J1538-5438,234.70396,-54.63806
J1538-5519,234.67012,-55.32944
J1538-5551,234.68762,-55.86025
J1538-5621,234.68037,-56.36542
J1538-5638,234.52375,-56.63667
J1538-5732,234.57575,-57.54147
J1538-5750,234.53504,-57.83808
J1539-4828,234.92017,-48.48250
J1539-5521,234.78321,-55.35311
B1535-56,234.80817,-56.44039
J1539-6322,234.85292,-63.38144
J1540-5736,235.24592,-57.61583
J1541-42,235.47917,-42.31389
J1541-5535,235.45667,-55.58361
J1542-5034,235.68946,-50.56706
J1542-5133,235.58304,-51.55972
J1542-5303,235.72713,-53.06139
B1540-06,235.87566,-6.34590
B1541+09,235.91177,9.48787
J1543-5013,235.99271,-50.23278
J1543-5149,235.93396,-51.83186
J1543-5459,235.98438,-54.98714
J1544+4937,236.01870,49.63202
B1541-52,236.24935,-53.14625
J1545-4550,236.48311,-45.84376
J1546-3747A,236.51433,-37.78614
J1546-5302,236.53083,-53.03972
J1546-59,236.50000,-59.00000
J1547-0944,236.94191,-9.73550
J1547-5750,236.87750,-57.84150
J1547-5839,236.89579,-58.65272
J1548-4821,237.09692,-48.36381
J1548-4927,237.08112,-49.46122
J1548-5607,237.18346,-56.12608
J1549+2113,237.42059,21.22414
J1549-4848,237.33814,-48.81040
J1549-57,237.27083,-57.36028
J1549-5722,237.44958,-57.36722
J1550-5242,237.51229,-52.70194
J1550-5317,237.52000,-53.28917
J1550-5418,237.72552,-54.30670
J1551-0658,237.78006,-6.96847
J1551-4424,237.95008,-44.41167
J1551-5310,237.92188,-53.18322
J1552-4937,238.05530,-49.63048
J1552-62,238.15833,-62.24194
B1550-54,238.49833,-54.93500
J1554+18,238.57083,18.06667
J1554-5209,238.61312,-52.16064
J1554-5512,238.66875,-55.20917
J1555-0515,238.91707,-5.26594
B1552-23,238.88827,-23.68608
B1552-31,238.82480,-31.57225
J1556-5358,239.21458,-53.98194
J1557-4258,239.25108,-42.97018
J1558-5419,239.67271,-54.32389
J1558-5756,239.62721,-57.94058
J1559-44,239.75000,0.00000
B1556-44,239.92303,-44.64608
B1555-55,239.83875,-55.76111
J1600-3053,240.21626,-30.89705
B1557-50,240.22096,-50.73916
B1556-57,240.08304,-57.85408
J1600-5916,240.14583,-59.28306
J1601-50,240.35000,-50.38333
J1601-5244,240.36375,-52.73583
J1601-5335,240.47879,-53.59533
J1602-4957,240.57583,-49.95889
B1558-50,240.57833,-51.00056
J1603+18,240.89167,18.85000
J1603-2531,240.77039,-25.52982
B1600-27,240.78360,-27.22434
J1603-3539,240.97374,-35.66586
J1603-5657,240.88108,-56.96227
J1603-7202,240.89866,-72.04242
J1604-44,241.13333,-44.71667
J1604-4718,241.12254,-47.31331
B1600-49,241.09583,-49.16621
J1604-7203,241.12157,-72.05846
J1605+3249,241.32717,32.82167
J1605-5215,241.32917,-52.26333
B1601-52,241.31792,-52.95944
B1604-00,241.80043,-0.54467
J1607-5140,241.95542,-51.67111
J1607-6449,241.95296,-64.82863
J1609-1930,242.27229,-19.50222
J1609-4616,242.42137,-46.27292
J1609-5158,242.36125,-51.97167
B1607-13,242.67823,-13.37286
J1610-17,242.54583,-17.83333
J1610-5006,242.68458,-50.11172
J1610-5303,242.55342,-53.06361
J1611-01,242.75000,-1.46667
J1611-4811,242.76125,-48.19417
J1611-4949,242.94429,-49.83256
B1607-52,242.76333,-52.15656
J1611-5847,242.96380,-58.79509
J1612+2008,243.09763,20.13842
J1612-2408,243.10858,-24.13444
J1612-49,243.22500,-49.45000
J1612-5136,243.00250,-51.61500
J1612-55,243.02500,-55.15000
J1612-5805,243.11590,-58.09144
B1609-47,243.37096,-47.24050
J1613-5211,243.42692,-52.18917
J1613-5234,243.48954,-52.57139
B1612+07,243.67044,7.62528
J1614-2230,243.65211,-22.50868
J1614-23,243.50000,-23.25000
J1614-38,243.67917,-38.77083
J1614-3937,243.63011,-39.62467
B1610-50,243.54704,-50.80097
J1614-5144,243.69042,-51.74694
J1614-5402,243.70992,-54.04639
B1612-29,243.97015,-29.67104
J1615-5444,243.75496,-54.74233
B1611-55,243.91846,-55.61681
J1616-5017,244.12454,-50.28747
J1616-5109,244.12875,-51.15472
J1616-5208,244.09750,-52.14667
J1617-4216,244.34742,-42.28306
J1617-4608,244.39627,-46.14347
J1617-5055,244.37208,-50.92033
J1618-39,244.62500,-39.31667
J1618-4723,244.52833,-47.38864
J1619-42,244.77500,-42.03333
J1620-4927,245.17300,-49.46031
J1620-5414,245.06017,-54.24769
J1621-5039,245.26962,-50.66350
J1621-5243,245.48250,-52.72889
J1622-3751,245.51908,-37.85386
J1622-4332,245.68945,-43.54117
J1622-4347,245.62525,-43.78928
J1622-4802,245.69662,-48.03697
J1622-4845,245.52271,-48.77472
J1622-4944,245.65625,-49.74167
J1622-4950,245.68667,-49.84844
J1622-6617,245.51528,-66.28805
J1623-0841,245.92792,-8.69344
B1620-09,245.82365,-9.14700
B1620-26,245.90926,-26.53160
B1620-42,245.95142,-42.94778
J1623-4949,245.97833,-49.81778
J1623-5005,245.76712,-50.08753
J1624-4041,246.04136,-40.69158
J1624-4411,246.08900,-44.19272
J1624-4613,246.07792,-46.21722
J1624-4721,246.22871,-47.35750
J1625-4048,246.29304,-40.80597
J1625-4904,246.32521,-49.07600
J1625-4913,246.31838,-49.22906
J1626-44,246.75000,-44.36667
J1626-4537,246.70408,-45.62378
J1626-4807,246.67708,-48.13167
J1626-6621,246.52855,-66.35424
J1627+1419,246.82816,14.32242
J1627-4706,246.86979,-47.11394
J1627-4845,246.79308,-48.75222
J1627-49,246.92500,-49.90000
J1627-51,246.87500,-51.13333
J1627-5547,246.83783,-55.79789
J1627-5936,246.96912,-59.61536
J1627+86,246.75000,86.90000
J1628-3205,247.02917,-32.09692
J1628-4804,247.11179,-48.08306
J1628-4828,247.12875,-48.47833
J1629-3636,247.39921,-36.60361
J1629+43,247.25000,43.98333
J1629-6902,247.28654,-69.04592
J1630+37,247.50000,37.00000
J1630-4719,247.51029,-47.32833
B1626-47,247.65613,-47.55139
J1631-1612,247.96862,-16.21444
J1631-4155,247.82637,-41.91769
J1632-1013,248.22583,-10.22167
J1632-4509,248.05833,-45.15250
J1632-4621,248.20755,-46.36350
J1632-4757,248.06967,-47.95953
J1632-4818,248.16558,-48.31461
J1633-2009,248.48042,-20.16917
B1630-44,248.44603,-44.88550
J1633-4805,248.27250,-48.09333
B1629-50,248.25043,-50.25225
J1634-49,248.62500,-49.86667
J1634-5107,248.52079,-51.12933
J1634-5640,248.57988,-56.68019
J1635-1511,248.94733,-15.19778
B1633+24,248.85742,24.31314
J1635-26,248.96667,-26.27139
J1635-4513,248.98083,-45.22417
J1635-4735,248.96602,-47.58981
J1635-4944,248.98083,-49.74333
B1630-59,248.78783,-59.91139
J1636-4440,249.06887,-44.67361
J1636-4803,249.13333,-48.06528
J1636-4933,249.22979,-49.55278
J1637-4335,249.48667,-43.59500
J1637-4450,249.47146,-44.84064
B1634-45,249.49462,-45.89092
J1637-46,249.40000,-46.21667
J1637-4642,249.30737,-46.70417
J1637-4721,249.29750,-47.35083
J1637-4816,249.49450,-48.27000
J1638-3815,249.65562,-38.25094
J1638-3951,249.56483,-39.86639
J1638-42,249.62917,-42.56556
J1638-4344,249.72033,-43.73444
J1638-44,249.57500,-44.66667
J1638-4417,249.69259,-44.28433
J1638-4608,249.59575,-46.13656
J1638-4725,249.55392,-47.42556
J1638-5226,249.74983,-52.44928
J1639-4359,249.77854,-43.99778
B1635-45,249.83834,-46.07586
J1640+2224,250.06977,22.40246
J1640-4631,250.18133,-46.52650
J1640-4648,250.19842,-46.81250
B1636-47,250.05496,-47.25981
J1640-4951,250.18150,-49.85058
J1641-2347,250.32517,-23.79333
B1639+36A,250.42033,36.45429
B1639+36B,250.42083,36.46028
J1641+3627C,250.42083,36.46028
J1641+3627D,250.42083,36.46028
J1641+3627E,250.42083,36.46028
J1643-1224,250.90900,-12.41630
J1643-4505,250.90404,-45.09611
J1643-4522,250.83500,-45.36694
J1643-4550,250.80633,-45.84847
J1644-44,251.15000,-44.16667
B1641-45,251.20534,-45.98597
J1644-46,251.02500,-46.43333
J1644-4657,251.16042,-46.96056
B1642-03,251.25851,-3.29953
J1645+1012,251.39340,10.20446
J1646-2142,251.57554,-21.70250
J1646-4308,251.73042,-43.13528
B1643-43,251.71375,-43.77722
J1646-5123,251.65146,-51.38739
B1641-68,251.72833,-68.53083
J1647-3607,251.94379,-36.11778
J1647-4552,251.79250,-45.87133
J1647+66,252.00000,66.06667
J1648-3256,252.02529,-32.94467
J1648-4458,252.05417,-44.97389
J1648-4611,252.09175,-46.18778
J1648-6044,252.21346,-60.74042
J1649+2533,252.43429,25.55194
J1649-3805,252.45092,-38.09975
J1649-3935,252.27783,-39.59561
J1649-4349,252.33508,-43.82283
J1649-4653,252.35208,-46.88583
J1649-4729,252.32612,-47.49806
J1649-5553,252.37958,-55.89444
J1649+80,252.50000,80.75000
J1650-1654,252.61335,-16.91114
J1650-4126,252.55489,-41.44272
J1650-4341,252.68617,-43.69189
J1650-4502,252.63458,-45.04369
J1650-4601,252.57758,-46.02183
J1650-4921,252.64625,-49.35108
B1648-17,252.88230,-17.15614
B1648-42,252.95329,-42.76972
J1651-4519,252.98833,-45.31972
B1647-52,252.92904,-52.38283
B1647-528,252.92167,-52.93000
J1651-7642,252.78279,-76.71097
J1652-1400,253.06949,-14.00761
B1649-23,253.24387,-24.06413
J1652+2651,253.01279,26.86122
J1652-4406,253.24792,-44.10139
J1652-48,253.22500,-48.75000
J1653-2054,253.37929,-20.91531
B1650-38,253.41582,-38.63911
J1653-4030,253.39262,-40.50039
J1653-4249,253.41758,-42.81758
J1653-4315,253.37375,-43.25028
J1653-4854,253.48625,-48.91417
J1654-23,253.51250,-23.58333
J1654-2713,253.59845,-27.21710
J1654-3710,253.68511,-37.18253
J1654-4140,253.59792,-41.67333
J1654-4245,253.59200,-42.76083
J1655-3048,253.85221,-30.81167
J1655-3844,253.91108,-38.73583
J1656+00,254.17083,0.43333
J1656-3621,254.13731,-36.36658
J1657-4432,254.40304,-44.53889
J1658-4306,254.56917,-43.11389
J1658-47,254.60000,-47.20000
J1658-4958,254.72883,-49.98289
J1658-5324,254.66393,-53.40195
B1657-13,254.97120,-13.08583
J1659-4316,254.98492,-43.26833
J1659-4439,254.91433,-44.65028
J1700-3312,255.22076,-33.21292
J1700-3611,255.20550,-36.19806
J1700-3919,255.09279,-39.31667
J1700-4012,255.16063,-40.21072
J1700-4422,255.22363,-44.37417
J1700-4939,255.09400,-49.65417
J1701-3006A,255.30212,-30.10838
J1701-3006B,255.30278,-30.11362
J1701-3006C,255.30361,-30.11650
J1701-3006D,255.30651,-30.11182
J1701-3006E,255.30531,-30.11303
J1701-3006F,255.30343,-30.11439
J1701-3130,255.43130,-31.51019
B1658-37,255.32725,-37.44028
B1657-45,255.37148,-45.56353
J1701-4958,255.30346,-49.97583
J1702-3932,255.55983,-39.54444
J1702-4128,255.71883,-41.48006
J1702-4217,255.65183,-42.28367
J1702-4306,255.61371,-43.11222
J1702-4310,255.61225,-43.17778
J1702-4428,255.71917,-44.46750
B1700-18,255.96287,-18.77105
B1700-32,255.84392,-32.69668
J1703-38,255.85833,-38.20000
J1703-4442,255.83579,-44.71167
J1703-4851,255.97667,-48.86550
B1659-60,256.06167,-60.28167
J1705-04,256.25000,-4.68333
B1702-19,256.40042,-19.11073
J1705-3423,256.42651,-34.39588
J1705-3936,256.40458,-39.60806
J1705-3950,256.37433,-39.84972
J1705-4108,256.33500,-41.14556
J1705-4331,256.39964,-43.52044
J1705-52,256.45833,-52.60472
J1705-6135,256.31375,-61.58750
J1706-3839,256.58875,-38.66417
J1706-4310,256.51879,-43.17250
J1706+59,256.75000,59.16667
J1706-6118,256.54081,-61.30325
B1703-40,256.84053,-40.89892
J1707-4341,256.91712,-43.68667
J1707-4417,256.92254,-44.28861
J1707-4729,256.81478,-47.49292
J1708-3426,257.24078,-34.44559
J1708-3506,257.07343,-35.10629
J1708-3641,257.14963,-36.68931
J1708-3827,257.06875,-38.46000
J1708-4008,257.19529,-40.14790
J1708-4522,257.05383,-45.38083
J1708-52,257.00000,0.00000
B1701-75,257.01042,-75.65639
B1706-16,257.36017,-16.68270
J1709+2313,257.27413,23.22440
J1709-3626,257.43813,-36.43433
J1709-3841,257.31662,-38.68806
J1709-43,257.44583,-43.91194
J1709-4342,257.37875,-43.70389
J1709-4401,257.42246,-44.01978
B1706-44,257.42803,-44.48562
J1710-2616,257.52042,-26.27639
J1710-37,257.62500,-37.50000
J1710-4148,257.59896,-41.80528
J1710+49,257.62083,49.33333
B1709-15,257.97942,-15.16104
J1711-3826,257.93521,-38.43722
J1711-4322,257.79400,-43.38142
B1707-53,257.97133,-53.83778
J1712-2715,258.04879,-27.26472
J1712-391,258.14583,-39.71667
J1712-392,258.14583,-39.71667
J1713+0747,258.45639,7.79375
J1713-3844,258.25958,-38.74139
J1713-3949,258.36667,-39.81667
J1714-1054,258.66717,-10.90303
J1714-3810,258.52392,-38.17525
J1715-3247,258.84775,-32.79167
J1715-3700,258.79021,-37.00111
J1715-3859,258.90787,-38.99031
J1715-3903,258.80958,-39.05056
J1715-4034,258.92079,-40.57278
J1715-4254,258.79392,-42.91500
J1716-3720,259.04733,-37.34556
J1716-4005,259.17525,-40.09083
J1716-4111,259.18461,-41.18597
J1716-4711,259.00462,-47.18358
J1717+03,259.48333,3.18333
B1714-34,259.33435,-34.41655
J1717-3737,259.31650,-37.62667
J1717-3847,259.32667,-38.78417
J1717-3953,259.35646,-39.89861
J1717-4043,259.44963,-40.73056
J1717-40435,259.25833,-40.72528
B1713-40,259.46758,-41.05472
J1717-5800,259.39854,-58.00150
J1718-3714,259.57746,-37.23778
J1718-3718,259.54167,-37.31472
J1718-3825,259.55652,-38.42168
J1718-41,259.55000,-41.11667
J1718-4539,259.54958,-45.65442
J1719-1438,259.79197,-14.63359
J1719-23,259.90417,-23.48528
B1715-40,259.75718,-40.11653
J1719-4302,259.95321,-43.03650
J1720+00,260.22917,0.66667
B1718-02,260.23862,-2.20664
B1717-16,260.10503,-16.55937
J1720+2150,260.00542,21.83689
J1720-2446,260.09358,-24.77417
B1717-29,260.14216,-29.55451
J1720-36,260.22500,-36.88333
J1720-3659,260.00823,-36.98514
B1718-19,260.25617,-19.61405
J1721-1939,260.44421,-19.66361
J1721-2457,260.27291,-24.95171
J1721+35,260.48750,35.40000
B1718-35,260.38658,-35.54711
B1718-32,260.51231,-32.12926
B1718-36,260.54090,-36.54814
B1719-37,260.74654,-37.20103
J1722-4400,260.69382,-44.00922
J1723-2837,260.84661,-28.63255
J1723-2852,260.99250,-28.88083
J1723-3659,260.78158,-36.98719
J1723-38,260.75000,-38.33333
J1724-3149,261.18696,-31.81778
J1724-35,261.17917,-35.81667
J1724-3505,261.19954,-35.09333
J1724-4500,261.10750,-45.00417
J1725-0732,261.30117,-7.54978
J1725-2852,261.29125,-28.87278
J1725-3546,261.42583,-35.77111
J1725-3848,261.25042,-38.81000
J1725-3853,261.36363,-38.88450
J1725-4043,261.42258,-40.71972
J1726-00,261.59583,-0.25000
J1726-31,261.65000,-31.95000
J1726-3530,261.53129,-35.49944
J1726-3635,261.70671,-36.59600
J1726-4006,261.63904,-40.10056
J1727-2739,261.87913,-27.65014
J1727-29,261.82917,-29.98333
J1727-2946,261.81290,-29.77689
B1726-00,262.14508,-0.12917
J1728-3733,262.19271,-37.55222
J1728-4028,262.11533,-40.46944
J1729-2117,262.29503,-21.29111
J1730-2304,262.59028,-23.07533
J1730-2900,262.53450,-29.01278
B1727-33,262.63566,-33.84429
J1730-3353,262.73158,-33.89389
J1730-34,262.52500,-34.80000
J1731-1847,262.82337,-18.79241
J1731-3123,262.75221,-31.39528
J1731-3322,262.80962,-33.37917
B1727-47,262.92543,-47.74293
J1732-1930,263.08344,-19.50238
J1732-3131,263.13975,-31.52306
J1732-3426,263.02992,-34.43472
J1732-35,263.12500,-35.08333
J1732-3729,263.08671,-37.48472
B1729-41,263.20833,-41.48000
J1732-4156,263.20358,-41.94156
J1732-5049,263.19903,-50.81672
B1730-22,263.36016,-22.47701
J1733-2533,263.35775,-25.55306
J1733-2837,263.39125,-28.62583
J1733-3030,263.49538,-30.51361
J1733-3322,263.48004,-33.36750
B1730-37,263.36151,-37.28201
J1733-4005,263.49433,-40.09436
J1733-5515,263.25167,-55.26111
B1732-02,263.69025,-2.21085
J1734-2415,263.67333,-24.25556
J1734-3058,263.71183,-30.97817
J1734-3333,263.61208,-33.55556
J1735-0243,263.95042,-2.73000
B1732-07,263.77072,-7.41458
J1735-3258,263.98708,-32.97194
J1736+05,264.22500,5.80000
J1736-2457,264.18933,-24.96389
J1736-2819,264.10304,-28.32833
J1736-2843,264.17746,-28.73083
J1736-3511,264.01125,-35.19889
J1737-0811,264.44630,-8.18580
J1737-3102,264.39054,-31.03347
J1737-3137,264.26788,-31.62250
J1737-3320,264.29379,-33.33889
B1734-35,264.41683,-35.92883
J1738+0333,264.72486,3.55302
J1738+04,264.60417,4.33333
J1738-2330,264.53667,-23.51306
J1738-2647,264.52096,-26.79611
J1738-2736,264.56095,-27.60717
J1738-2955,264.71767,-29.93083
J1738-3107,264.69750,-31.12889
B1735-32,264.72577,-32.19823
J1738-3316,264.64354,-33.26711
J1739+0612,264.82486,6.20789
J1739-1313,264.99092,-13.22183
B1736-29,264.89283,-29.05097
J1739-3023,264.91583,-30.38667
J1739-3049,264.84675,-30.82778
B1736-31,264.85127,-31.52092
J1739-3159,264.95283,-31.99694
J1739-3951,264.90938,-39.86675
J1740+1000,265.10813,10.00175
B1737+13,265.03061,13.19908
J1740-2540,265.18883,-25.67194
B1737-30,265.14092,-30.26208
J1740-3052,265.20834,-30.86786
J1740-3327,265.10717,-33.46486
J1740-5340A,265.18579,-53.67803
B1738-08,265.34398,-8.67551
J1741+1351,265.37977,13.86226
J1741-2019,265.27863,-20.32333
J1741-2054,265.48846,-20.89917
J1741-2719,265.39608,-27.32306
J1741-2733,265.25558,-27.56417
J1741+2758,265.47296,27.96917
J1741-2945,265.31029,-29.75972
J1741-3016,265.27933,-30.27528
J1741-34,265.47500,-34.31667
B1737-39,265.32534,-39.46056
J1742-3957,265.51846,-39.95611
J1742-4616,265.60875,-46.28153
B1740-03,265.78410,-3.65319
J1743+05,265.81667,5.48333
B1740-13,265.90676,-13.86055
J1743-2442,265.83383,-24.71528
B1740-31,265.90286,-31.83936
J1743-3153,265.81485,-31.88481
J1743-35,265.77500,-35.53333
J1743-4212,265.77176,-42.20067
J1744-1134,266.12252,-11.58186
J1744-1610,266.06889,-16.17661
J1744-2335,266.20196,-23.59861
J1744-3130,266.02368,-31.50111
J1744-3922,266.01115,-39.37253
J1744-5337,266.16217,-53.63083
J1745-0129,266.25858,-1.48836
J1745-0952,266.28806,-9.87769
J1745+1017,266.39099,10.29792
J1745-2229,266.31963,-22.48722
J1745-2900,266.41736,-29.00830
J1745-2910,266.31667,-29.16667
J1745-2912,266.45833,-29.20000
B1742-30,266.48464,-30.67311
J1745-3812,266.31425,-38.20203
J1746+2245,266.50350,22.75803
J1746+2540,266.52863,25.67708
J1746-27,266.50000,-27.85000
J1746-2849,266.51542,-28.82194
J1746-2850,266.52750,-28.84500
J1746-2856,266.70625,-28.94194
J1746-3239,266.72895,-32.66550
J1747-1030,266.99296,-10.50139
J1747-2647,266.87873,-26.78722
J1747-2802,266.86063,-28.04361
J1747-2809,266.84500,-28.15417
J1747-2958,266.81618,-29.96694
J1747-4036,266.95299,-40.61522
B1745-12,267.07253,-13.01447
B1745-20A,267.21954,-20.36103
J1748-2021B,267.22064,-20.36079
J1748-2021C,267.21322,-20.36495
J1748-2021D,267.21519,-20.35206
J1748-2021E,267.22000,-20.35816
J1748-2021F,267.21806,-20.36092
J1748-2444,267.20213,-24.74360
B1744-24A,267.00940,-24.77692
J1748-2446aa,267.02000,-24.77917
J1748-2446ab,267.02000,-24.77917
J1748-2446ac,267.02000,-24.77917
J1748-2446ad,267.02000,-24.77917
J1748-2446ae,267.02000,-24.77917
J1748-2446af,267.02000,-24.77917
J1748-2446ag,267.02000,-24.77917
J1748-2446ah,267.02000,-24.77917
J1748-2446ai,267.02000,-24.77917
J1748-2446C,267.01892,-24.77667
J1748-2446D,267.02000,-24.77917
J1748-2446E,267.02000,-24.77917
J1748-2446F,267.02000,-24.77917
J1748-2446G,267.02000,-24.77917
J1748-2446H,267.02000,-24.77917
J1748-2446I,267.02000,-24.77917
J1748-2446J,267.02000,-24.77917
J1748-2446K,267.02000,-24.77917
J1748-2446L,267.02000,-24.77917
J1748-2446M,267.02000,-24.77917
J1748-2446N,267.02000,-24.77917
J1748-2446O,267.02000,-24.77917
J1748-2446P,267.02000,-24.77917
J1748-2446Q,267.02000,-24.77917
J1748-2446R,267.02000,-24.77917
J1748-2446S,267.02000,-24.77917
J1748-2446T,267.02000,-24.77917
J1748-2446U,267.02000,-24.77917
J1748-2446V,267.02000,-24.77917
J1748-2446W,267.02000,-24.77917
J1748-2446X,267.02000,-24.77917
J1748-2446Y,267.02000,-24.77917
J1748-2446Z,267.02000,-24.77917
J1748-30,267.00000,-30.28333
J1748-3009,267.09913,-30.15339
J1749+16,267.37083,16.40000
J1749-2347,267.31504,-23.78806
J1749-2629,267.29700,-26.48611
B1746-30,267.30622,-30.04303
J1749-4931,267.34904,-49.53306
B1745-56,267.43542,-56.08861
J1750+07,267.66667,7.55000
J1750-2043,267.57667,-20.71889
J1750-2438,267.74911,-24.64944
J1750-2444,267.59567,-24.74639
J1750-2536,267.63912,-25.61194
J1750-28,267.51667,-28.75000
B1747-31,267.69716,-31.96226
J1750-3503,267.68542,-35.05247
J1750-3703A,267.55751,-37.05304
J1750-3703B,267.55074,-37.05637
J1750-3703C,267.55606,-37.05155
J1750-3703D,267.55457,-37.05177
J1751-2516,267.96929,-25.27861
J1751-2857,267.88622,-28.96292
J1751-3323,267.88635,-33.39433
B1747-46,267.92597,-46.95689
J1752+2359,268.14758,23.99672
J1752-2410,268.24476,-24.17389
B1749-28,268.24454,-28.11036
J1752-2821,268.10229,-28.35278
J1753-12,268.22083,-12.98333
J1753-1914,268.39655,-19.24944
J1753-2240,268.41603,-22.67833
B1750-24,268.37758,-25.00700
J1753-38,268.25000,-38.81667
J1754-2422,268.65233,-24.37333
J1754-30,268.56667,-30.18333
J1754-3443,268.65572,-34.73164
J1754-3510,268.72757,-35.17861
B1753+52,268.59554,52.02007
J1755-0903,268.79318,-9.06433
J1755-1650,268.79853,-16.84472
J1755-2025,268.89917,-20.41667
J1755-25,268.90000,-25.88333
J1755-2521,268.99879,-25.35750
J1755-25211,268.83046,-25.35250
J1755-2534,268.95758,-25.57750
J1755-26,268.81788,-26.00000
J1755-2725,268.92450,-27.42917
J1755-33,268.80000,-33.51667
J1755-3716,268.89769,-37.26966
J1756+18,269.00000,18.31667
J1756-2225,269.10650,-22.43000
J1756-2251,269.19431,-22.86649
B1753-24,269.24131,-24.59286
J1756-25,269.17500,-25.46667
J1756-2619,269.33079,-26.31889
J1757-15,269.35000,-15.05500
J1757-2223,269.46155,-22.39694
B1754-24,269.37223,-24.36873
J1757-27,269.47831,-27.75000
J1757-5322,269.31317,-53.37400
J1758-1931,269.52333,-19.52806
J1758-2206,269.68521,-22.11250
J1758-2540,269.63308,-25.68028
J1758-2630,269.64279,-26.50278
J1758-2846,269.56421,-28.76722
J1758+3030,269.60783,30.50667
J1759-1029,269.89292,-10.49917
J1759-1736,269.86733,-17.60278
J1759-1903,269.92400,-19.05528
J1759-1940,269.98767,-19.67472
J1759-1956,269.89758,-19.93556
B1756-22,269.85065,-22.09251
J1759-2302,269.95513,-23.03556
J1759-2307,269.87894,-23.12139
J1759-24,269.85000,-24.03333
J1759-2549,269.89633,-25.81861
J1759-2922,269.95103,-29.36867
J1759-3107,269.84190,-31.12264
J1800-0125,270.09200,-1.42517
J1800-2114,270.05125,-21.23861
B1757-23,270.00000,-23.71667
J1800+50,270.25000,50.46667
B1758-03,270.34442,-3.96529
J1801-0857A,270.46088,-8.95885
J1801-0857B,270.46069,-8.95911
J1801-0857C,270.46142,-8.95908
J1801-0857D,270.48069,-8.95676
J1801-1417,270.46281,-14.29292
J1801-1855,270.34292,-18.93028
J1801-1909,270.44454,-19.16000
J1801-2115,270.38538,-21.25500
J1801-2154,270.28471,-21.90889
B1758-23,270.33262,-23.07894
B1757-24,270.25007,-24.85764
B1758-29,270.44515,-29.34405
J1801-3210,270.35787,-32.18159
J1801-3458,270.46942,-34.97694
J1802+0128,270.61437,1.47325
J1802+03,270.68333,3.63333
J1802-05,270.55000,-5.39806
J1802-1745,270.56187,-17.75472
J1802-2124,270.52223,-21.40101
J1802-2426,270.51292,-24.44528
J1802-3346,270.73000,-33.77917
J1803-1616,270.89450,-16.27500
J1803-1857,270.99608,-18.95528
J1803-1920,270.87267,-19.34472
B1800-21,270.96421,-21.61871
J1803-2149,270.79013,-21.82028
B1800-27,270.88205,-27.20177
J1803-3002A,270.89208,-30.03389
J1803-3002B,270.89208,-30.03389
J1803-3002C,270.89208,-30.03389
J1803-3329,270.93522,-33.48631
B1802-07,271.20790,-7.59019
J1804-2228,271.11746,-22.47167
J1804-2717,271.08805,-27.29204
J1804-28,271.20000,-28.11667
B1802+03,271.29231,3.10841
J1805+06,271.47917,6.23333
J1805-0619,271.38098,-6.32928
J1805-1504,271.27542,-15.07667
J1805-2032,271.40454,-20.54750
J1805-2037,271.36746,-20.62111
J1805-2447,271.35804,-24.79167
J1805-2948,271.42704,-29.80000
J1806+1023,271.71714,10.38842
B1804-12,271.52830,-11.90798
J1806-1618,271.60742,-16.31056
J1806-1920,271.52750,-19.33972
J1806-2125,271.58162,-21.42778
J1807+04,271.85417,4.08333
J1807+0756,271.96348,7.94539
B1804-08,271.90845,-8.79535
J1807-2459A,271.83482,-24.99803
J1807-2459B,271.83696,-25.00053
J1807-2557,271.80692,-25.95556
B1804-27,271.78540,-27.25082
J1808+00,272.07917,0.56667
J1808-0813,272.03930,-8.21717
J1808-1020,272.19014,-10.34675
J1808-1517,272.16287,-15.29444
J1808-1726,272.17625,-17.44083
J1808-2024,272.16390,-20.41107
B1805-20,272.02665,-20.96876
J1808-2701,272.05512,-27.02250
J1808-3249,272.01867,-32.82611
J1809-0119,272.46400,-1.32472
J1809-0743,272.39967,-7.71706
J1809-1429,272.43962,-14.49028
J1809-1850,272.40504,-18.84861
J1809-1917,272.42978,-19.29392
J1809-1943,272.46286,-19.73109
J1809-2004,272.31612,-20.07000
B1806-21,272.30971,-21.15080
J1809-2332,272.45937,-23.53963
J1809-3547,272.36242,-35.78833
J1810-1441,272.74651,-14.69267
J1810+1744,272.65533,17.74372
J1810-1820,272.73133,-18.34417
J1810-2005,272.74580,-20.08563
B1806-53,272.68512,-53.63547
J1811-0154,272.83283,-1.90858
J1811+0702,272.83508,7.04158
J1811-1049,272.82112,-10.81750
J1811-1717,272.86054,-17.29639
J1811-1736,272.97931,-17.61047
J1811-1835,272.87383,-18.59556
J1811-1925,272.87167,-19.42444
J1811-2405,272.83272,-24.08843
J1811-2439,272.98138,-24.66472
J1811-4930,272.86329,-49.50578
B1810+02,273.22162,2.44920
B1809-173,273.03004,-17.30819
B1809-176,273.06622,-17.56041
J1812-1910,273.14538,-19.17750
J1812-2102,273.08721,-21.04333
J1812-2526,273.13458,-25.44389
J1812-2748,273.16908,-27.80083
J1812-3039,273.18709,-30.65583
J1813-1246,273.34904,-12.76644
J1813-1749,273.39652,-17.83263
J1813+1822,273.41150,18.37083
J1813-2113,273.41612,-21.21678
J1813-2242,273.37150,-22.70167
J1813-2621,273.41913,-26.36585
B1811+40,273.30534,40.22751
J1814-0521,273.60888,-5.36028
J1814-0618,273.67192,-6.30047
J1814+1130,273.67809,11.51221
J1814-1649,273.65562,-16.82444
J1814-1744,273.67958,-17.74667
J1815-1738,273.81113,-17.63417
J1815-1910,273.76283,-19.16678
J1815+55,273.75000,55.48333
J1816-0755,274.10226,-7.92292
J1816-1446,274.12162,-14.77500
B1813-17,274.07776,-17.48408
B1813-26,274.14751,-26.83153
J1816+4510,274.14973,45.17607
J1816-5643,274.15193,-56.72836
J1817-0743,274.45746,-7.72192
J1817-1511,274.40083,-15.19417
J1817-1938,274.27842,-19.64333
B1814-23,274.25000,-23.18333
B1813-36,274.27407,-36.30111
J1817-3837,274.25113,-38.63325
J1818-01,274.56250,-1.81722
J1818-1116,274.61021,-11.27472
B1815-14,274.59902,-14.37686
J1818-1448,274.61629,-14.81056
J1818-1519,274.56083,-15.32861
J1818-1541,274.65633,-15.69583
J1818-1556,274.71646,-15.93444
J1819-0925,274.96059,-9.43053
J1819-1008,274.91661,-10.14111
J1819-1114,274.86992,-11.24528
J1819-1131,274.99229,-11.52472
J1819+1305,274.98427,13.08757
J1819-1318,274.93192,-13.31167
J1819-1408,274.98667,-14.13378
J1819-1458,274.89239,-14.96766
J1819-1510,274.97371,-15.17239
J1819-17,274.87500,-17.08333
J1819-1717,274.93083,-17.28778
B1818-04,275.21920,-4.46059
J1820-0509,275.09470,-5.16069
B1817-13,275.08233,-13.77091
J1820-1529,275.17008,-15.49722
B1817-18,275.16287,-18.30091
J1821+0155,275.41202,1.92278
J1821-0256,275.29296,-2.94406
J1821-0331,275.43625,-3.52019
J1821-1419,275.39292,-14.32389
J1821-1432,275.41574,-14.54811
J1821+1715,275.30626,17.26307
J1821+41,275.50000,41.75000
J1822+0705,275.57684,7.08862
J1822-0848,275.71608,-8.81639
J1822-0907,275.66583,-9.12667
J1822+1120,275.56083,11.34894
J1822-1252,275.67375,-12.88028
B1820-14,275.72518,-14.00067
J1822-1604,275.57500,-16.07411
J1822-1617,275.65250,-16.29306
B1819-22,275.74564,-22.94184
J1822-4209,275.54732,-42.15305
J1823-0154,275.96728,-1.90127
B1821+05,275.87905,5.84009
B1820-11,275.91794,-11.25314
J1823-1126,275.83275,-11.43444
J1823-1347,275.85104,-13.79833
J1823-1526,275.83925,-15.43944
J1823-1807,275.79033,-18.12583
B1820-30A,275.91870,-30.36115
B1820-30B,275.92311,-30.36137
J1823-3021C,275.92147,-30.36068
J1823-3021D,275.91888,-30.36213
J1823-3021E,275.91875,-30.36117
J1823-3021F,275.91875,-30.36117
B1820-31,275.94495,-31.11382
J1824-0127,276.22263,-1.46428
J1824+10,276.02083,10.28333
B1821-11,276.12308,-11.31184
J1824-1159,276.23396,-11.99817
J1824-1350,276.20909,-13.83917
J1824-1423,276.23911,-14.38481
J1824-1500,276.05875,-15.00917
B1821-19,276.00190,-19.76437
J1824-2233,276.04300,-22.55306
J1824-2328,276.11933,-23.47139
B1821-24A,276.13337,-24.86968
J1824-2452B,276.13671,-24.86978
J1824-2452C,276.13671,-24.86978
J1824-2452D,276.13671,-24.86978
J1824-2452E,276.13671,-24.86978
J1824-2452F,276.13671,-24.86978
J1824-2452G,276.13671,-24.86978
J1824-2452H,276.13671,-24.86978
J1824-2452I,276.13554,-24.86906
J1824-2452J,276.13671,-24.86978
J1824-2452K,276.13671,-24.86978
J1824-2452L,276.13671,-24.86978
J1824-2537,276.12745,-25.62194
B1822+00,276.31385,0.07214
J1825-0319,276.48314,-3.33266
B1822-09,276.37762,-9.58953
J1825-1108,276.32625,-11.14833
B1822-14,276.26220,-14.78128
J1825-31,276.49167,-31.03889
J1825-33,276.50833,-33.35000
B1823-11,276.52280,-11.52878
J1826-1256,276.53554,-12.94250
B1823-13,276.55490,-13.57967
J1826-1419,276.67663,-14.32267
J1826-1526,276.55250,-15.43417
J1827-0750,276.76140,-7.83867
J1827-0934,276.94118,-9.57122
B1824-10,276.77283,-9.97864
J1827-1446,276.85250,-14.77444
J1828-0611,277.08631,-6.19764
J1828+0625,277.11679,6.41681
J1828-1007,277.12648,-10.11947
J1828-1057,277.13837,-10.95722
J1828-1101,277.07854,-11.03081
J1828-1336,277.17854,-13.61250
J1828+1359,277.22224,13.99316
J1828-2119,277.08983,-21.33222
J1829+0000,277.44642,0.00236
J1829-0734,277.27238,-7.57278
J1829-1011,277.27525,-10.19028
B1826-17,277.42974,-17.85108
J1829+2456,277.39445,24.93839
J1830-0052,277.62792,-0.88167
J1830-0131,277.58172,-1.53003
J1830-10,277.52500,-10.65000
B1828-11,277.69820,-10.99109
J1830-1135,277.50717,-11.59222
J1830-1313,277.67492,-13.22117
J1830-1414,277.50146,-14.24361
J1831-0823,277.90139,-8.38997
J1831-0952,277.89293,-9.86714
J1831-1223,277.80346,-12.39194
J1831-1329,277.98317,-13.49889
J1831-1423,277.87125,-14.39611
J1832+0029,278.21125,0.49083
J1832-0644,278.17779,-6.73383
B1829-08,278.15425,-8.45101
J1832-0836,278.11497,-8.61527
B1829-10,278.17028,-10.35910
J1832-28,278.12500,-28.71667
J1833-0209,278.27255,-2.15456
B1831-03,278.42464,-3.65120
J1833-0556,278.41200,-5.93472
J1833-0559,278.28167,-5.99028
B1830-08,278.41792,-8.45868
J1833-0831,278.43487,-8.51881
J1833-1034,278.38988,-10.56875
J1833-1055,278.49333,-10.92528
B1828-60,278.31167,-60.38444
B1831-00,278.57190,-0.18147
J1834-0031,278.71289,-0.52619
B1831-04,278.60668,-4.43773
J1834-0602,278.65821,-6.04306
J1834-0633,278.62188,-6.55031
J1834-0731,278.56667,-7.51861
J1834-0742,278.63050,-7.70572
J1834-0812,278.62417,-8.20000
J1834-0845,278.71716,-8.76556
J1834-09,278.65000,-9.25000
J1834+10,278.61250,10.73333
J1834-1202,278.59633,-12.04067
J1834-1710,278.72250,-17.18056
J1834-1855,278.69142,-18.93306
J1835-0114,278.84132,-1.24267
J1835-0349,278.80394,-3.81942
J1835-0522,278.78383,-5.36889
B1832-06,278.77317,-6.71843
J1835-0924,278.90842,-9.40750
J1835-09242,278.84092,-9.40442
J1835-0928,278.84258,-9.46722
J1835-0944,278.94442,-9.74139
J1835-0946,278.93692,-9.77722
J1835-1020,278.98991,-10.33458
J1835-1106,278.82620,-11.10419
J1835-1548,278.95971,-15.81056
J1835-3259A,278.93333,-32.99028
B1834-04,279.21579,-4.61047
J1836-0517,279.10500,-5.29306
B1834-10,279.22469,-10.13565
J1836-11,279.02500,-11.28333
J1836-1324,279.21786,-13.40933
J1836-2354A,279.10602,-23.91455
J1836-2354B,279.10146,-23.90797
J1836+5925,279.05697,59.42504
J1837-0045,279.38398,-0.75296
J1837+0053,279.36854,0.88694
J1837-0559,279.34860,-5.99119
J1837-0604,279.43146,-6.08028
B1834-06,279.31104,-6.88392
J1837-08,279.42917,-8.33444
J1837+1221,279.27967,12.36500
J1837-1243,279.28921,-12.73222
J1837-1837,279.47604,-18.61889
J1838-01,279.62500,-1.01667
J1838-0107,279.66426,-1.13018
J1838-0453,279.54663,-4.88972
J1838-0537,279.73342,-5.61917
J1838-0549,279.65871,-5.82000
J1838-0624,279.71575,-6.41500
J1838-0655,279.51304,-6.92594
J1838-1046,279.61033,-10.78250
J1838+1650,279.67943,16.83779
J1838-1849,279.64079,-18.83306
J1839-01,279.97083,-1.60000
J1839-0223,279.99180,-2.38597
J1839-0321,279.90631,-3.35292
J1839-0332,279.98576,-3.54961
J1839-0402,279.96275,-4.04025
J1839-0436,279.75027,-4.61597
J1839-0459,279.92758,-4.99967
J1839-0627,279.83525,-6.45944
J1839-0643,279.79085,-6.72922
J1839-0905,279.97274,-9.08744
J1839-1238,279.93212,-12.64464
J1839+15,279.75000,15.00000
J1840+0214,280.14203,2.24853
J1840-04,280.20417,-4.64083
J1840-0559,280.09658,-5.98783
J1840-0626,280.06796,-6.43761
J1840-0643,280.03933,-6.72972
J1840-0753,280.19833,-7.89222
J1840-0809,280.13902,-8.15092
J1840-0815,280.05740,-8.25294
J1840-0840,280.21625,-8.67472
J1840-1122,280.10028,-11.36964
J1840-1207,280.22409,-12.12572
J1840-1419,280.13733,-14.31806
B1839+56,280.18587,56.68208
J1841+0130,280.32400,1.50469
J1841-0157,280.48420,-1.96517
J1841-0310,280.35787,-3.17250
J1841-0345,280.41117,-3.81183
B1838-04,280.27360,-4.42208
J1841-0456,280.33060,-4.93643
J1841-0500,280.32558,-5.00542
J1841-0524,280.45550,-5.40819
B1839+09,280.48317,9.20204
J1841-1404,280.39292,-14.07194
J1841-7845,280.35792,-78.75417
J1842-0153,280.74113,-1.89075
J1842+0257,280.62887,2.96633
J1842-0309,280.57925,-3.16278
J1842+0358,280.57093,3.97647
B1839-04,280.61032,-3.99995
J1842-0415,280.54704,-4.26061
J1842-0612,280.67937,-6.21000
J1842+0638,280.54167,6.63750
J1842-0800,280.72893,-8.01486
J1842-0905,280.59224,-9.09017
J1842+1332,280.62483,13.53375
J1843-0000,280.86651,-0.01136
J1843-0050,280.90300,-0.83611
J1843-0137,280.80263,-1.62953
J1843-0211,280.87637,-2.18411
J1843-0355,280.77779,-3.93222
J1843-0408,280.93100,-4.13444
J1843-0459,280.86518,-4.99178
J1843-0510,280.79055,-5.16792
J1843-0702,280.84350,-7.04850
J1843-0744,280.77286,-7.74169
J1843-0806,280.86965,-8.11247
J1843-1113,280.92192,-11.22530
J1843-1448,280.75573,-14.80350
J1843-1507,280.89003,-15.11750
J1843+2024,280.85908,20.41517
J1844+00,281.04583,0.58333
J1844-0030,281.17125,-0.50717
J1844+0115,281.16895,1.25972
B1842-02,281.18740,-2.74470
J1844-0256,281.22083,-2.93333
J1844-03,281.23750,-3.00000
J1844-0302,281.02883,-3.03644
J1844-0310,281.18950,-3.17697
J1844-0346,281.13704,-3.77517
B1841-04,281.13938,-4.55345
J1844-0452,281.00642,-4.87247
J1844-0502,281.14150,-5.03347
B1841-05,281.02129,-5.64283
B1842+14,281.22873,14.90392
J1845-0316,281.47042,-3.26806
B1842-04,281.39462,-4.57495
J1845-0545,281.41037,-5.75506
J1845+0623,281.28579,6.39933
J1845-0635,281.28086,-6.58983
J1845-0743,281.48825,-7.72733
J1845-0826,281.27372,-8.44436
J1845-1114,281.44074,-11.23639
J1845-1351,281.29792,-13.86514
J1846+0051,281.68259,0.86083
J1846-0257,281.56454,-2.96000
J1846-0258,281.60392,-2.97503
J1846-0749,281.58227,-7.82261
J1846-07492,281.53333,-7.82033
J1846+0919,281.60833,9.32944
J1846-42,281.50000,-42.81667
J1846-7403,281.55742,-74.05111
J1847-0130,281.89671,-1.51278
B1844-04,281.84518,-4.03729
J1847-0427,281.82858,-4.46639
J1847-0438,281.90802,-4.63758
J1847-0443,281.96604,-4.72672
J1847-0605,281.83780,-6.08725
J1848-0023,282.15787,-0.38806
J1848-0055,282.18958,-0.93139
B1845-01,282.09829,-1.39954
J1848+0351,282.17600,3.85992
J1848-0511,282.06254,-5.19389
J1848-0601,282.08479,-6.01881
J1848+0604,282.22759,6.07967
J1848+0647,282.23337,6.79214
J1848+0826,282.18237,8.44331
J1848-1150,282.04921,-11.83589
J1848-12,282.00833,-12.78333
J1848+12,282.12500,12.83333
J1848-1414,282.16315,-14.23816
B1845-19,282.07514,-19.87525
J1849-0001,282.25671,-0.02156
J1849-0040,282.29271,-0.67222
J1849+0127,282.43408,1.45639
J1849-0317,282.49104,-3.29194
J1849+0409,282.26446,4.16175
J1849-0614,282.43815,-6.24208
B1846-06,282.27682,-6.61859
J1849+2423,282.39448,24.39610
J1850-0006,282.69971,-0.10725
J1850-0026,282.56131,-0.43656
J1850+0026,282.68810,0.44044
J1850-0031,282.63912,-0.51917
J1850+0124,282.50422,1.40961
J1850+0242,282.67368,2.71596
J1850+0423,282.59762,4.38589
B1848+13,282.64781,13.59955
J1850+15,282.53750,15.53333
J1851-0029,282.97955,-0.49947
J1851-0053,282.76321,-0.88536
J1851-0114,282.81838,-1.23706
J1851+0118,282.96742,1.31639
J1851+0233,282.78804,2.56289
J1851-0241,282.81358,-2.69194
B1848+04,282.76375,4.30334
B1848+12,282.80506,12.99313
J1852+0008,283.17825,0.13600
J1852+0013,283.17408,0.23253
B1849+00,283.11426,0.53388
J1852+0033,283.19417,0.55581
J1852+0040,283.16071,0.67217
J1852-0118,283.07146,-1.30411
J1852-0127,283.01500,-1.45650
J1852+0305,283.13583,3.08472
J1852-0635,283.23908,-6.59917
J1852-2610,283.24778,-26.17020
J1853-0004,283.34591,-0.07564
J1853+0011,283.37487,0.19158
J1853+0056,283.38608,0.94972
J1853+03,283.25000,3.00000
J1853+0505,283.26817,5.09058
J1853+0545,283.49338,5.76535
J1853-0649,283.35593,-6.82386
J1853+0853,283.34196,8.88806
J1853+1303,283.48883,13.06224
J1854+00,283.50000,0.00000
J1854+0306,283.51242,3.10389
J1854+0317,283.62108,3.29194
J1854+0319,283.50046,3.32022
B1852+10,283.62223,10.77837
B1851-14,283.68455,-14.35734
J1854-1557,283.72333,-15.95611
J1855+0205,283.92519,2.09344
J1855+0306,283.90933,3.10611
J1855+0307,283.86096,3.12228
J1855+0422,283.92237,4.37972
J1855+0527,283.81280,5.46131
J1855+0700,283.82383,7.01031
J1855-0941,283.81533,-9.68389
J1856+0102,284.11876,1.03628
B1853+01,284.04438,1.22258
J1856+0245,284.21208,2.76306
J1856+0404,284.11083,4.07389
J1856-0526,284.09157,-5.44911
J1856-3754,284.14754,-37.90222
B1854+00,284.25337,0.95466
J1857+0143,284.38753,1.72972
J1857+0210,284.42042,2.18278
B1855+02,284.43184,2.21142
J1857+0300,284.32046,3.00722
J1857+0526,284.31607,5.44131
J1857+0809,284.28879,8.15119
B1855+09,284.40163,9.72145
J1857-1027,284.36021,-10.45028
J1858+02,284.50000,2.00000
J1858+0215,284.57262,2.26056
J1858+0241,284.72421,2.69389
J1858+0319,284.67033,3.32264
J1858+0346,284.59317,3.77717
J1858-0736,284.68458,-7.61667
J1858-2216,284.50000,-22.26667
J1859+00,284.94167,0.58333
J1859+0601,284.94067,6.02947
J1859+0603,284.92555,6.06514
J1859+1526,284.93495,15.43639
J1859+76,284.75000,76.90000
J1900-0051,285.19435,-0.85233
J1900+0227,285.16083,2.45889
J1900+0308,285.21064,3.14002
J1900+0438,285.05562,4.64633
J1900+0634,285.11681,6.57247
J1900-09,285.05833,-9.46861
B1857-26,285.19826,-26.01217
J1900+30,285.07500,30.88333
B1851-79,285.10167,-79.86339
J1901+00,285.38333,0.43333
J1901+0124,285.46894,1.41369
B1859+01,285.39287,1.94395
J1901+0234,285.36221,2.58094
J1901+0254,285.31529,2.91139
J1901+0300,285.49840,3.00648
J1901-0312,285.31531,-3.20819
J1901-0315,285.31804,-3.25397
J1901+0320,285.26254,3.33833
B1859+03,285.38242,3.51833
J1901+0355,285.37838,3.93303
J1901+0413,285.29292,4.23083
J1901+0435,285.38417,4.58972
J1901+0459,285.32279,4.98522
J1901+0510,285.49104,5.17611
J1901+0511,285.42879,5.18339
J1901+0621,285.27483,6.35528
B1859+07,285.41224,7.27633
J1901-0906,285.47090,-9.10300
J1901+1306,285.45321,13.11342
J1901-1740,285.32513,-17.66667
J1902+02,285.50000,2.00000
J1902+0248,285.70942,2.81556
J1902-0340,285.71125,-3.67167
B1900+05,285.67759,5.94053
B1900+06,285.70949,6.27595
J1902+0723,285.55642,7.39750
J1902-10,285.57500,-10.65917
J1902-5105,285.51187,-51.09916
J1902-70,285.50000,-70.00000
B1900+01,285.87493,1.59399
J1903-0258,285.87643,-2.97100
J1903+0327,285.77414,3.45534
J1903+0415,285.75000,4.25000
J1903+0601,285.83697,6.02611
B1900-06,285.90808,-6.53943
J1903+0654,285.98033,6.91094
J1903-0848,285.79696,-8.81594
J1903+0925,285.97992,9.43194
J1903+2225,285.97062,22.42008
J1903-7051,285.91164,-70.86207
J1904+0004,286.05299,0.06814
J1904-0150,286.23148,-1.84236
J1904+0412,286.13076,4.20164
J1904+0451,286.24744,4.86526
J1904+0738,286.03139,7.64769
J1904+0800,286.01458,8.01461
B1901+10,286.01037,10.19294
J1904-1224,286.13867,-12.40037
J1904-16,286.18750,-16.41306
B1902-01,286.36556,-0.94471
J1905+0154A,286.31417,1.90917
J1905+0400,286.36781,4.00302
J1905+0600,286.26812,6.01664
J1905+0616,286.27854,6.27131
B1903+07,286.47343,7.15538
J1905+0902,286.33140,9.04236
J1906+0055,286.70284,0.91886
J1906+0414,286.74080,4.24151
J1906+0509,286.73540,5.15989
B1904+06,286.64685,6.68414
J1906+0649,286.54987,6.83003
J1906+0722,286.63000,7.38217
J1906+0725,286.50000,7.41667
J1906+0746,286.70358,7.77386
J1906+0912,286.61858,9.21572
J1906+1854,286.68629,18.90236
J1907+0249,286.92512,2.82806
J1907+0255,286.82458,2.91742
J1907+0345,286.81060,3.75294
J1907+05,286.75000,5.00000
J1907+0534,286.84725,5.58139
J1907+0602,286.97808,6.03803
J1907+0631,286.76590,6.52192
J1907+0731,286.97829,7.52275
J1907+0740,286.93382,7.67294
J1907+0859,286.75797,8.99550
J1907+0918,286.84350,9.30854
J1907+0919,286.80971,9.32225
J1907+1149,286.90742,11.82697
B1904+12,286.79458,12.79331
J1907-1532,286.77825,-15.53747
B1905+39,286.89440,40.03492
J1908+0457,287.06729,4.96139
J1908+0500,287.02151,5.01512
J1908+0734,287.07088,7.57066
J1908+0833,287.08733,8.55875
J1908+0839,287.07713,8.66644
J1908+0909,287.03099,9.15344
B1906+09,287.24483,9.27056
J1908+2351,287.13308,23.86164
B1907+00,287.39691,0.13271
B1907+02,287.40963,2.91408
J1909+0616,287.46337,6.28106
J1909+0641,287.37105,6.69050
J1909+0749,287.28417,7.82556
J1909+0912,287.33296,9.21492
B1907+10,287.45289,11.03426
J1909+1148,287.38075,11.81663
J1909+1450,287.36233,14.84944
J1909+1859,287.32752,18.98632
J1909+21,287.38333,21.05000
J1909-3744,287.44764,-37.73735
J1910-0112,287.56542,-1.20167
J1910+0225,287.54316,2.42322
B1907-03,287.62366,-3.16502
B1907+03,287.53777,3.97445
J1910+0517,287.65795,5.29892
J1910+0534,287.61046,5.56917
J1910+0714,287.57749,7.23661
J1910+0728,287.59200,7.47697
J1910+1027,287.50000,10.45000
B1907+12,287.55641,12.52783
J1910+1256,287.54042,12.94041
J1910-5959A,287.92815,-59.97414
J1910-5959B,287.71690,-59.98357
J1910-5959C,287.77315,-60.01658
J1910-5959D,287.71840,-59.98486
J1910-5959E,287.71732,-59.98391
J1911+00,287.95000,0.61667
B1908+00A,287.79621,1.03604
J1911+0101B,287.80239,1.03068
J1911+09,287.75000,9.00000
J1911+10,287.75000,10.00000
J1911-1114,287.95534,-11.23958
J1911+1347,287.98002,13.79288
J1911+1758,287.98079,17.97939
B1910+10,288.19304,10.61156
B1910+20,288.18064,21.07605
J1912+2525,288.07761,25.41726
B1911-04,288.47572,-4.67991
J1913+0446,288.46175,4.76833
J1913+0617,288.25000,6.28333
J1913+0657,288.38717,6.95675
J1913+0832,288.25208,8.53475
J1913+0904,288.33775,9.07928
B1911+09,288.46958,9.61161
J1913+1000,288.26496,10.00067
J1913+1011,288.33475,10.18971
J1913+1050,288.39735,10.84072
J1913+1102,288.37106,11.03493
J1913+1103,288.25000,11.05000
J1913+1145,288.43283,11.75919
J1913+1330,288.32490,13.50911
B1911+13,288.35149,14.01464
J1913+3732,288.36620,37.53675
J1914+0219,288.59914,2.32994
J1914+0631,288.57183,6.53231
J1914+0659,288.57353,7.01972
B1911+11,288.54217,11.36769
J1915+0227,288.75884,2.46327
J1915+0738,288.85333,7.64206
J1915+0752,288.75808,7.86922
J1915+0838,288.80779,8.64992
B1913+10,288.87493,10.16213
J1915-11,288.75000,-11.50000
J1915+1144,288.75000,11.73333
J1915+1149,288.75000,11.81667
J1915+1410,288.89757,14.18097
B1913+16,288.86666,16.10761
B1913+167,288.82962,16.78569
J1916+0748,289.21458,7.80000
J1916+0844,289.07950,8.73528
J1916+0852,289.10250,8.87667
B1914+09,289.13477,9.85722
J1916+1023,289.15379,10.38417
B1913+105,289.04883,10.51483
J1916+1225,289.08352,12.43165
B1914+13,289.24446,13.21389
J1917+0834,289.45355,8.58184
B1915+13,289.41579,13.89915
J1917+1737,289.34990,17.62544
B1915+22,289.43428,22.38021
J1918-0642,289.70014,-6.70969
J1918-1052,289.70103,-10.87955
J1918+1310,289.50000,13.16667
B1916+14,289.59849,14.75167
J1918+1541,289.53208,15.68756
B1917+00,289.96110,0.36106
J1919+0134,289.93175,1.58236
J1919+1314,289.88744,13.24369
J1919+1645,289.78851,16.75631
J1919+1745,289.93059,17.75105
J1920-09,290.20417,-9.77417
J1920+1040,290.23075,10.67528
J1920+1110,290.05546,11.18306
B1918+26,290.15989,26.84400
J1921+0812,290.44877,8.21441
B1919+14,290.35067,14.32141
J1921+1544,290.44363,15.73818
J1921+16,290.25000,16.00000
B1918+19,290.26583,19.81241
B1919+20,290.46499,20.05578
B1919+21,290.43673,21.88396
J1921+42,290.48333,42.41667
J1922+1131,290.70946,11.53292
J1922+1733,290.72174,17.55652
B1920+20,290.53336,20.29926
B1920+21,290.72305,21.17832
J1922+58,290.50000,58.46667
B1921+17,290.78271,17.10261
J1923+2515,290.84372,25.26128
J1924+1628,291.00000,16.46667
J1924+1631,291.22867,16.53022
J1924+1639,291.01296,16.66132
J1924+17,291.00000,17.00000
B1922+20,291.16667,20.66750
J1925-16,291.27500,-16.01667
J1925+1720,291.36263,17.34092
J1925+19,291.35833,19.06667
B1923+04,291.60196,4.52546
J1926+0737,291.64058,7.61867
J1926-1314,291.72431,-13.23439
B1924+14,291.73844,14.58204
J1926+1613,291.50000,16.21667
B1924+16,291.68885,16.80911
B1924+19,291.59508,19.46992
J1926+2016,291.57527,20.26698
J1927+0911,291.85678,9.18492
B1925+18,291.79343,18.86903
B1925+188,291.85404,18.94356
B1925+22,291.78367,22.58258
J1928+1443,292.02829,14.71981
J1928+15,292.08333,15.21667
J1928+1746,292.17730,17.77489
J1928+1923,292.02151,19.39203
J1929+00,292.36667,0.43333
J1929+1357,292.29425,13.95997
J1929+16,292.32500,16.35000
B1926+18,292.31992,18.74986
J1929+19,292.38333,19.08333
J1929+1955,292.32321,19.91886
J1929+2121,292.26766,21.35630
J1929+62,292.25000,62.26667
B1927+13,292.50395,13.26975
J1930+14,292.50000,14.00000
J1930+17,292.68333,17.41667
J1930-1852,292.62382,-18.86285
J1930+1852,292.62554,18.87058
J1931+1439,292.91847,14.66075
B1929+15,292.98212,15.61597
J1931+1952,292.98277,19.86986
J1931+30,292.86667,30.58333
B1929+10,293.05812,10.99234
J1932+1500,293.19295,15.00617
J1932+17,293.00000,17.00000
J1932+1916,293.08208,19.27750
B1929+20,293.03343,20.34623
B1930+22,293.09476,22.34764
J1932-3655,293.02562,-36.91725
J1933+0758,293.33086,7.96861
B1930+13,293.34387,13.08055
J1933+1726,293.34576,17.44711
B1931+24,293.40764,24.61101
J1933-6211,293.38511,-62.19636
J1934+19,293.50000,19.00000
J1934+2352,293.69246,23.88219
J1935+12,293.81250,12.05000
B1933+16,293.94927,16.27777
J1935+1726,293.76645,17.44124
B1933+17,293.87487,17.75339
J1935+2025,293.92475,20.42781
J1935+2154,293.73200,21.89672
J1935+52,293.75000,52.20000
B1933+15,294.00633,15.61000
J1936+20,294.00000,20.00000
J1936+21,294.12083,21.20000
J1937-00,294.28750,-0.28333
J1937+1505,294.31796,15.08861
B1935+25,294.25527,25.73713
J1937+2950,294.44835,29.83383
J1938+0650,294.47275,6.83500
J1938+14,294.57917,14.70000
J1938+2010,294.53475,20.18103
J1938+2012,294.66700,20.21412
J1938+2213,294.55908,22.22019
J1939+10,294.79583,10.75000
B1937+21,294.91067,21.58309
B1937+24,294.77332,24.71545
J1939+66,295.00000,66.20000
J1940+2245,295.11518,22.76295
J1940+2337,295.14786,23.62958
J1940-2403,295.12500,-24.05000
J1941+01,295.49167,1.76667
J1941+0121,295.31683,1.36097
J1941+1026,295.38473,10.44044
J1941+1341,295.27028,13.69178
J1941+2525,295.33667,25.41814
B1937-26,295.25170,-26.03493
J1941+43,295.50000,43.38333
B1939+17,295.50429,17.72453
J1942+81,295.50000,81.10000
J1943+0609,295.87138,6.16600
B1940-12,295.85617,-12.62845
J1943+2210,295.81871,22.17310
J1944+0907,296.03887,9.12307
J1944-10,296.00000,-10.28333
B1941-17,296.02183,-17.83641
B1942+17,296.13250,17.92844
J1944+2236,296.00446,22.60628
B1942-00,296.36832,-0.68280
J1945+07,296.47917,7.28333
B1943+18,296.40042,18.57225
J1946-1312,296.74095,-13.21011
J1946+14,296.71667,14.70000
B1944+17,296.72102,18.09479
B1944+22,296.60371,22.74983
J1946+24,296.50000,23.96667
J1946+2535,296.70458,25.59764
J1946+2611,296.69087,26.19700
B1943-29,296.71556,-29.22975
J1946+3417,296.60471,34.28741
J1946-5403,296.60000,-54.03333
J1947+0915,296.94258,9.25222
J1947+10,296.90000,10.73333
J1947+1957,296.83098,19.95233
J1947-4215,296.77500,-42.25000
J1947-43,296.75000,0.00000
J1948+2333,297.08049,23.55090
J1948+2551,297.07325,25.86443
B1946+35,297.10419,35.66974
J1949+2306,297.28050,23.11542
B1946-25,297.35589,-25.40027
J1949+3106,297.37349,31.10106
J1950+05,297.74167,5.58333
J1950+2414,297.68777,24.24916
J1951+1123,297.78437,11.39033
B1949+14,298.02565,14.12483
J1952+2630,298.15350,26.50780
B1951+32,298.24252,32.87792
J1953+1149,298.44779,11.82850
J1953+1846A,298.44167,18.77833
J1953+2732,298.28250,27.54672
J1953+67,298.25000,67.03333
J1954+2407,298.50156,24.12056
J1954+2836,298.57979,28.60167
B1952+29,298.59397,29.38814
J1954+43,298.75000,43.83333
J1955+2527,298.99748,25.45096
B1953+29,298.86615,29.14540
B1953+50,298.82818,50.99869
J1956+07,299.14583,7.26667
J1956+0838,299.21775,8.63800
J1956-28,299.00000,-27.88333
J1957+2516,299.39421,25.26724
J1957+2831,299.33082,28.52885
J1957+5033,299.41208,50.55500
J1958+2846,299.66696,28.76500
B1957+20,299.90321,20.80420
J1959+3620,299.90846,36.34142
J2001+42,300.50000,42.71667
J2002+1637,300.69904,16.62131
J2002+30,300.74167,30.58333
B2000+32,300.51844,32.28842
B2000+40,300.68346,40.84831
J2004+2653,301.24592,26.89456
B2002+31,301.21786,31.61945
J2004+3429,301.19571,34.48825
J2005-0020,301.43229,-0.33943
J2005+3547,301.32289,35.79039
J2005+3552,301.44792,35.87342
B2003-08,301.56820,-8.11720
J2006+3102,301.54583,31.03417
J2007+0809,301.80625,8.15917
J2007+0910,301.99210,9.17026
J2007+20,301.75000,20.35000
J2007+2722,301.81595,27.37998
J2007+3120,301.78755,31.34765
J2008+2513,302.14784,25.22510
J2009+3326,302.45483,33.43617
J2010-1323,302.69134,-13.39891
J2010+2845,302.52112,28.75810
J2010+3230,302.61042,32.50203
J2011+3331,302.77053,33.52351
J2012-2029,303.19417,-20.49194
J2013-0649,303.32396,-6.81816
J2013+3058,303.39272,30.98075
B2011+38,303.29320,38.76203
J2015+2524,303.80292,25.40869
J2016+1948,304.23935,19.79766
J2017+0603,304.34460,6.05155
J2017+2043,304.37057,20.72553
J2017+3625,304.48267,36.41886
J2017+59,304.50000,59.21667
B2016+28,304.51597,28.66506
J2018+3431,304.72165,34.51681
J2019+2425,304.88312,24.42092
J2021+3651,305.27275,36.85133
J2021+4026,305.37496,40.44586
B2020+28,305.65445,28.90642
J2022+3842,305.59037,38.70412
B2021+51,305.70780,51.91395
B2022+50,305.92476,50.62635
J2024+48,306.00000,48.00000
B2025+21,306.81954,21.76790
J2027+4557,306.81764,45.96586
J2027+74,307.00000,74.78333
J2028+3332,307.08275,33.53454
B2027+37,307.34947,37.73560
B2028+22,307.66853,22.47273
J2030+3641,307.50109,36.69087
J2030+4415,307.71396,44.26058
J2030+55,307.50000,55.00000
J2032+4127,308.05461,41.45677
J2033+0042,308.37963,0.70611
J2033+1734,308.36466,17.58296
J2033-1938,308.48083,-19.64972
J2036+2835,309.19318,28.58623
B2034+19,309.31058,19.71508
B2035+36,309.36434,36.35669
J2038+35,309.50000,35.00000
J2038-3816,309.72579,-38.26997
B2036+53,309.51320,53.32023
J2040+1657,310.07444,16.95846
J2043+1711,310.83701,17.19137
J2043+2740,310.93125,27.68222
J2043+7045,310.75000,70.75000
J2044+4614,311.24500,46.24833
J2045+0912,311.44727,9.20810
B2043-04,311.50065,-4.35722
B2044+15,311.66395,15.67600
B2045+56,311.69420,57.14364
J2047+1053,311.75000,10.88333
J2047+5029,311.97767,50.49394
B2045-16,312.14850,-16.27904
J2048+2255,312.19112,22.91814
J2050+13,312.50000,13.01667
J2051-0827,312.78133,-8.46049
J2052+1218,313.19583,12.30000
B2048-72,313.44642,-72.01172
B2053+21,313.91313,22.15756
J2055+2539,313.95333,25.66722
B2053+36,313.88063,36.50596
J2102+38,315.50000,38.00000
J2105+07,316.36250,7.95000
J2105+28,316.50000,28.48333
J2105+6223,316.30388,62.38486
J2108-3429,317.12704,-34.49386
B2106+44,317.08534,44.69691
J2111+2106,317.88804,21.10194
J2111+40,317.75000,40.00000
J2111+4606,317.85054,46.10869
B2110+27,318.26829,27.90064
B2111+46,318.35137,46.73578
J2113+67,318.50000,67.03333
B2113+14,319.05730,14.23918
J2122+54,320.75000,54.55000
B2122+13,321.19406,14.12204
J2124-3358,321.18271,-33.97912
B2123-67,321.88033,-66.80781
J2129-0429,322.43766,-4.48489
B2127+11A,322.49269,12.16701
B2127+11B,322.49430,12.16675
B2127+11C,322.50502,12.17728
B2127+11D,322.49281,12.16659
B2127+11E,322.49245,12.16906
B2127+11F,322.48824,12.16747
B2127+11G,322.49146,12.16592
B2127+11H,322.49243,12.16651
J2129-5721,322.34486,-57.35395
J2136-1606,324.00092,-16.10361
J2137+64,324.25000,64.31667
J2138+4911,324.50000,49.18333
J2139+00,324.92500,0.60000
J2139+2242,324.86208,22.71167
J2139+4716,324.98313,47.27028
J2140-2310A,325.09336,-23.18022
J2140-2310B,325.09167,-23.17972
J2143+0654,325.76408,6.90487
J2144-3933,326.05025,-39.56580
J2144-5237,326.16333,-52.62558
J2145-0750,326.46025,-7.83847
B2148+63,327.49412,63.49542
B2148+52,327.65722,52.79712
J2151+2315,327.87042,23.25356
J2155+2813,328.81592,28.22003
B2152-31,328.80671,-31.31519
B2151-56,328.75583,-56.69917
J2156+2618,329.09877,26.30846
B2154+40,329.25771,40.29611
J2203+50,330.75000,50.00000
J2204+27,331.16667,27.03333
J2205+1444,331.32186,14.74203
J2206+6151,331.57550,61.86614
J2207+40,331.75000,40.95000
J2208+5500,332.09883,55.00234
J2210+57,332.75000,57.48333
B2210+29,333.09729,29.55158
J2213+53,333.25000,53.00000
J2214+3000,333.66188,30.01061
J2215+1538,333.91522,15.64302
J2215+5135,333.88620,51.59343
J2216+5759,334.02175,57.99825
J2217+5733,334.47929,57.55111
B2217+47,334.95058,47.91498
J2222-0137,335.52487,-1.62103
J2222+2923,335.76343,29.39962
J2222+5602,335.50000,56.00000
J2225+35,336.20000,35.50000
B2224+65,336.46967,65.59322
J2227+30,336.87500,30.60000
J2229+2643,337.46202,26.73269
J2229+6114,337.27200,61.23592
B2227+61,337.42431,62.09334
J2229+64,337.25000,64.96667
J2234+06,338.59167,6.18333
J2234+2114,338.73600,21.23856
J2235+1506,338.93208,15.11363
J2236-5527,339.21605,-55.46356
J2238+5903,339.61779,59.06133
J2238+6021,339.50000,60.35000
J2240+5832,340.17891,58.54376
J2241-5236,340.42508,-52.61006
B2241+69,340.73503,69.84782
J2243+1518,340.79070,15.30697
J2243+69,341.00000,69.66667
J2244+63,341.00000,63.00000
J2248-0101,342.11210,-1.03002
J2253+1516,343.31055,15.27717
J2256-1024,344.23496,-10.40955
B2255+58,344.49060,59.15412
J2301+5852,345.28454,58.87901
J2302+4442,345.69574,44.70614
J2302+6028,345.54667,60.46673
B2303+30,346.49302,31.00049
B2303+46,346.48268,47.12926
J2307+2225,346.92203,22.43059
B2306+55,347.05759,55.79334
J2311+67,347.75000,67.08333
B2310+42,348.28592,42.88696
J2315+58,348.75000,58.00000
J2316+69,349.25000,69.20000
J2317+1439,349.28849,14.65868
B2315+21,349.49095,21.83001
J2319+6411,349.89671,64.19049
B2319+60,350.48006,60.40853
J2322+2057,350.59306,20.95074
B2321-61,351.11242,-60.90169
J2325-0530,351.31375,-5.51083
B2323+63,351.30553,63.28119
B2324+60,351.74457,61.22680
J2326+6141,351.50000,61.00000
J2329+16,352.45833,16.95000
B2327-20,352.61202,-20.09156
J2333+6145,353.33103,61.75836
B2334+61,354.27401,61.85043
J2339-0533,354.91142,-5.55148
J2340+08,355.18750,8.55000
J2343+6221,355.75000,62.35000
J2346-0609,356.71023,-6.16653
J2352+65,358.00000,65.00000
J2353+85,358.50000,85.56667
B2351+61,358.51968,61.92966
